"slug";"name";"family";"subFamily";"categoryId";"status";"applications";"confidences";"evidence";"possibleExtraApplications";"recordLoaded";"recordUrl"
"arneo";"ArNeo";"ArNeo";"arneo";"hi-vis";"matched";"Odzież ostrzegawcza hi-vis [hivis]";"hivis:98";"hivis: categoryId: hi-vis / EN ISO 20471 certified / Application | Safety Jacket / applicationImageLabels: Yellow-Orange Safety Jacket EN 20471, Yellow Safety Jacket EN 20471";"";"true";"/ariteks/fabrics/arneo/data/fabric-complete-record.json"
"arneo-pro";"ArNeo Pro";"ArNeo";"arneo";"hi-vis";"matched-with-review";"Odzież ostrzegawcza hi-vis [hivis]";"hivis:98";"hivis: categoryId: hi-vis / EN ISO 20471 certified / Application | Safety Jacket / applicationImageLabels: Yellow/Orange/Red Flame Retardant Safety Jacket EN 20471";"transport";"true";"/ariteks/fabrics/arneo-pro/data/fabric-complete-record.json"
"arneo-flame-static-pro";"ArNeo Flame + Static Pro";"ArNeo";"arneo";"hi-vis";"matched-with-review";"Odzież ostrzegawcza hi-vis [hivis]";"hivis:98";"hivis: categoryId: hi-vis / EN ISO 20471 certified / Application | Safety Jacket / applicationImageLabels: Flame Retardant Antistatic Safety Jacket EN 20471";"energy | transport";"true";"/ariteks/fabrics/arneo-flame-static-pro/data/fabric-complete-record.json"
"arneo-eco-r400";"ArNeo Eco +R400";"ArNeo";"arneo";"hi-vis";"matched";"Odzież ostrzegawcza hi-vis [hivis]";"hivis:98";"hivis: categoryId: hi-vis / EN ISO 20471 certified / High Visible Fabric Laminated with Reflective Strips for Safety Jacket Fabric / Application | Safety Jacket / applicationImageLabels: Yellow/Orange/Red Safety Jacket EN 20471";"";"true";"/ariteks/fabrics/arneo-eco-r400/data/fabric-complete-record.json"
"arneo-color";"ArNeo Color";"ArNeo";"arneo";"hi-vis";"matched";"Odzież ostrzegawcza hi-vis [hivis]";"hivis:97";"hivis: categoryId: hi-vis / EN ISO 20471 norm / Fabric for Safety Jackets Non Neon Colors / Application | Jacket / applicationImageLabels: Dark Navy Safety Jacket, Yellow-Navy Safety Jacket, Red Navy Safety Jacket";"";"true";"/ariteks/fabrics/arneo-color/data/fabric-complete-record.json"
"arneo-file";"ArNeo File";"ArNeo";"arneo";"hi-vis";"matched";"Odzież ostrzegawcza hi-vis [hivis]";"hivis:98";"hivis: High Visible Mesh Fabric for Safety Jacket / EN ISO 20471 certified / Application | Safety Jacket / categorySourceGroup: High Visible Warp Knit Fabrics for Safety Jackets / Yellow-Navy Mesh Safety Jacket";"";"true";"/ariteks/fabrics/arneo-file/data/fabric-complete-record.json"
"arneo-color-file";"ArNeo Color File";"ArNeo";"arneo";"hi-vis";"matched";"Odzież ostrzegawcza hi-vis [hivis]";"hivis:98";"hivis: categoryId: hi-vis / familyDescriptorEn: Fluorescent hi-vis knits for safety wear / titleDescriptor: Mesh Fabric for Safety Jackets Non Neon Colors / Application | Safety Jacket / applicationImageLabels: Dark Navy Safety Jacket, Yellow-Navy Safety Jacket, Red Navy Safety Jacket";"";"true";"/ariteks/fabrics/arneo-color-file/data/fabric-complete-record.json"
"arneo-dirt-pro";"ArNeo Dirt Pro";"ArNeo";"arneo";"hi-vis";"matched";"Odzież ostrzegawcza hi-vis [hivis]";"hivis:98";"hivis: categoryId: hi-vis / EN ISO 20471 certified / Application | Safety Jacket / applicationImageLabels: Yellow/Red Water and Oil Repellent Safety Jacket EN 20471";"";"true";"/ariteks/fabrics/arneo-dirt-pro/data/fabric-complete-record.json"
"arneo-supereco";"ArNeo Super Eco";"ArNeo";"arneo";"hi-vis";"matched";"Odzież ostrzegawcza hi-vis [hivis]";"hivis:98";"hivis: categoryId: hi-vis / norms: EN ISO 20471 / Application | Safety Jacket / Designed for construction and mining workers. / applicationImageLabels: Economical High Visible Yellow/Orange Safety Jacket";"";"true";"/ariteks/fabrics/arneo-supereco/data/fabric-complete-record.json"
"arneo-supereco-r50";"ArNeo Super Eco +R50";"ArNeo";"arneo";"hi-vis";"matched";"Odzież ostrzegawcza hi-vis [hivis]";"hivis:98";"hivis: categoryId: hi-vis / High Visible Warp Knit Fabrics for Safety Jackets / Designed for construction and mining workers. / Application | Safety Jacket / applicationImageLabels: Economical High Visible Yellow/Orange Safety Jacket";"";"true";"/ariteks/fabrics/arneo-supereco-r50/data/fabric-complete-record.json"
"arneo-light";"ArNeo Light";"ArNeo";"arneo";"hi-vis";"matched-with-review";"Odzież ostrzegawcza hi-vis [hivis]";"hivis:97";"hivis: categoryId: hi-vis / familyDescriptorEn: Fluorescent hi-vis knits for safety wear / titleDescriptor: Economical Safety Jacket Fabric / applicationImageLabels: Economical High Visible Yellow Safety Jacket / technicalParameters Application: Safety Jacket";"military";"true";"/ariteks/fabrics/arneo-light/data/fabric-complete-record.json"
"arneo-light-r50";"ArNeo Light + R50";"ArNeo";"arneo";"hi-vis";"matched-with-review";"Odzież ostrzegawcza hi-vis [hivis]";"hivis:97";"hivis: categoryId: hi-vis / Application | Safety Jacket / Designed for construction and mining workwear applications. / Economical High Visible Yellow Safety Jacket / High Visible Knit Fabric";"energy";"true";"/ariteks/fabrics/arneo-light-r50/data/fabric-complete-record.json"
"arneo-light-r400";"ArNeo Light +R400";"ArNeo";"arneo";"hi-vis";"matched-with-review";"Odzież ostrzegawcza hi-vis [hivis]";"hivis:97";"hivis: categoryId: hi-vis / familyDescriptorEn: Fluorescent hi-vis knits for safety wear / Designed for construction and mining workwear applications. / 5 cm EN 20471 certified reflective strips / Application | Safety Jacket / applicationImageLabels: Economical High Visible Yellow Safety Jacket";"transport";"true";"/ariteks/fabrics/arneo-light-r400/data/fabric-complete-record.json"
"arneo-color-light";"ArNeo Color Light";"ArNeo";"arneo";"hi-vis";"matched";"Odzież ostrzegawcza hi-vis [hivis]";"hivis:97";"hivis: categoryId: hi-vis / familyDescriptorEn: Fluorescent hi-vis knits for safety wear / It used as bias fabric for safety jackets. / applicationImageLabels: Bias for safety jackets";"";"true";"/ariteks/fabrics/arneo-color-light/data/fabric-complete-record.json"
"arshirt-neo";"ArShirt Neo";"ArShirt";"arshirt-arsuprem";"hi-vis";"matched";"Odzież ostrzegawcza hi-vis [hivis]";"hivis:95";"hivis: categorySourceGroup: High Visible Warp Knit Fabrics for Safety Jackets / properties: hi-vis / applicationImageLabels: %100 Cotton Hivis T-Shirt, Fluorescent Yellow/Orange T Shirt";"";"true";"/ariteks/fabrics/arshirt-neo/data/fabric-complete-record.json"
"arshirt";"ArShirt";"ArShirt";"arshirt-arsuprem";"hi-vis";"matched-with-review";"Odzież ostrzegawcza hi-vis [hivis]";"hivis:90";"hivis: categoryId: hi-vis / categorySourceGroup: 'High Visible Warp Knit Fabrics for Safety Jackets' / properties: ['hi-vis','uv-protection'] / familyDescriptorEn: 'Hi-vis shirting knits'";"military";"true";"/ariteks/fabrics/arshirt/data/fabric-complete-record.json"
"arshirt-moda-pro";"ArShirt Moda Pro";"ArShirt";"arwowear-moda-pro-2";"hi-vis";"matched-with-review";"Odzież ostrzegawcza hi-vis [hivis]";"hivis:95";"hivis: categoryId: hi-vis / EN ISO 20471 certified / High Visibility | Done | EN ISO 20471";"energy | firefighting | military | welding";"true";"/ariteks/fabrics/arshirt-moda-pro/data/fabric-complete-record.json"
"arsuprem-moda-pro";"ArSuprem Moda Pro";"ArSuprem";"arwowear-moda-pro-2";"hi-vis";"matched-with-review";"Odzież ostrzegawcza hi-vis [hivis] | Hutnictwo i spawalnictwo [welding]";"hivis:95 | welding:90";"hivis: categoryId: hi-vis / EN ISO 20471 certified / High Visibility | Done | EN ISO 20471 || welding: ArSuprem Moda Pro fabric are mostly used by welders, electrical workers and firefighters. / EN 61482 arc flash protection class 1 (4 kA) / Arc Protection | Class 1 (4kA) | EN ISO 61482-1-2";"energy | firefighting";"true";"/ariteks/fabrics/arsuprem-moda-pro/data/fabric-complete-record.json"
"arbir";"ArBir";"ArBir";"arbir";"woven-like-knits";"matched-with-review";"Odzież ostrzegawcza hi-vis [hivis]";"hivis:97";"hivis: EN ISO 20471 certified / Application Images: 'Orange Safety Jacket EN 20471', 'Yellow Safety Jacket EN 20471' / specLine: High Visible, Woven Like Knit Fabric / titleDescriptor: Knit Fabric for Safety Clothes";"energy | welding";"true";"/ariteks/fabrics/arbir/data/fabric-complete-record.json"
"arbir-su-itici";"ArBir Su İtici";"ArBir";"arbir";"woven-like-knits";"matched-with-review";"Odzież ostrzegawcza hi-vis [hivis]";"hivis:95";"hivis: EN ISO 20471 certified / Application image labels: Orange Safety Jacket EN 20471, Yellow Safety Jacket EN 20471 / properties: hi-vis / High Visibility | Done | EN ISO 20471";"military | transport";"true";"/ariteks/fabrics/arbir-su-itici/data/fabric-complete-record.json"
"arbir-su-itici-su-gecirmez";"ArBir Su İtici/Su Geçirmez";"ArBir";"arbir";"woven-like-knits";"matched-with-review";"Odzież ostrzegawcza hi-vis [hivis]";"hivis:93";"hivis: EN ISO 20471 certified / Property: hi-vis / applicationImageLabels: Orange Safety Jacket EN 20471 / High Visibility | Done | EN ISO 20471";"energy | transport";"true";"/ariteks/fabrics/arbir-su-itici-su-gecirmez/data/fabric-complete-record.json"
"arbir-200";"ArBir 200";"ArBir";"arbir";"woven-like-knits";"matched-with-review";"Odzież ostrzegawcza hi-vis [hivis]";"hivis:97";"hivis: EN ISO 20471 certified. / High Visibility | Done | EN ISO 20471 / specLine: High Visible, Woven Like Knit Fabric / Neon dyed fabrics they attract more attention...they shine more than other objects";"transport | welding";"true";"/ariteks/fabrics/arbir-200/data/fabric-complete-record.json"
"arwowear-t2-static-pro";"ArWoWear T2 Static Pro";"ArWoWear";"arwowear-static-pro";"antistatic";"matched-with-review";"Energetyka [energy]";"energy:90";"energy: Oil and gas industry platform workers can also use it to prevent static electric related explosions on dangerous area. / Certified for EN 1149-5 (EN 1149-3)";"welding";"true";"/ariteks/fabrics/arwowear-t2-static-pro/data/fabric-complete-record.json"
"arwowear-t4-static-pro";"ArWoWear T4 Static Pro";"ArWoWear";"arwowear-static-pro";"antistatic";"matched-with-review";"Energetyka [energy]";"energy:90";"energy: It is suitable to use on electronic industry where static electric formation is a problem. Oil and gas industry platform workers can also use it to prevent static electric related explosions on dangerous area. / Certified for EN 1149-5 (EN 1149-3)";"welding";"true";"/ariteks/fabrics/arwowear-t4-static-pro/data/fabric-complete-record.json"
"arwowear-t11-static-pro";"ArWoWear T11 Static Pro";"ArWoWear";"arwowear-static-pro";"antistatic";"matched-with-review";"Energetyka [energy]";"energy:90";"energy: It is suitable to use on electronic industry where static electric formation is a problem. Oil and gas industry platform workers can also use it to prevent static electric related explosions on dangerous area. / Antistatic | Yes | EN 1149-5";"welding";"true";"/ariteks/fabrics/arwowear-t11-static-pro/data/fabric-complete-record.json"
"arwowear-t20-static-pro";"ArWoWear T20 Static Pro Pro";"ArWoWear";"arwowear-static-pro";"antistatic";"matched-with-review";"Energetyka [energy]";"energy:92";"energy: Oil and gas industry platform workers can also use it to prevent static electric related explosions on dangerous area. / EN 1149-5 antistatic certification";"welding";"true";"/ariteks/fabrics/arwowear-t20-static-pro/data/fabric-complete-record.json"
"arwowear-t21-static-pro";"ArWoWear T21 Static Pro Pro";"ArWoWear";"arwowear-static-pro";"antistatic";"matched-with-review";"Energetyka [energy]";"energy:90";"energy: Suitable to use on electronic industry where static electric formation is a problem. / Oil and gas industry platform workers can also use it to prevent static electric related explosions on dangerous area. / EN 1149-5 antistatic certification";"military | welding";"true";"/ariteks/fabrics/arwowear-t21-static-pro/data/fabric-complete-record.json"
"arwowear-t2-flame-pro";"ArWoWear T2 Flame Pro";"ArWoWear";"arwowear-flame-pro";"fr-workwear";"matched-with-review";"Hutnictwo i spawalnictwo [welding]";"welding:95";"welding: norms include EN ISO 11611 / Welding Protection | Yes | EN ISO 11611 / properties include molten-metal";"energy | firefighting | military";"true";"/ariteks/fabrics/arwowear-t2-flame-pro/data/fabric-complete-record.json"
"arwowear-t11-flame-pro";"ArWoWear T11 Flame Pro";"ArWoWear";"arwowear-flame-pro";"fr-workwear";"matched-with-review";"Hutnictwo i spawalnictwo [welding]";"welding:92";"welding: Welding Protection | Yes | EN ISO 11611 / EN ISO 11611 certification / molten-metal property listed";"energy | firefighting | military";"true";"/ariteks/fabrics/arwowear-t11-flame-pro/data/fabric-complete-record.json"
"arwowear-t12-flame-pro";"ArWoWear T12 Flame Pro";"ArWoWear";"arwowear-flame-pro";"fr-workwear";"matched-with-review";"Hutnictwo i spawalnictwo [welding]";"welding:97";"welding: Welding Protection | Yes | EN ISO 11611 / norms include EN ISO 11611 / Suitable for shipyard welders in cold climates. / molten-metal property listed / Application | Flame Retardant Coveralls";"energy | firefighting | transport";"true";"/ariteks/fabrics/arwowear-t12-flame-pro/data/fabric-complete-record.json"
"arwowear-t13-flame-pro";"ArWoWear T13 Flame Pro";"ArWoWear";"arwowear-flame-pro";"fr-workwear";"matched-with-review";"Hutnictwo i spawalnictwo [welding]";"welding:95";"welding: EN ISO 11611 certification (Welding Protection: Yes) / molten-metal property / Suitable for shipyard welders in cold climates / Application | Flame Retardant Coveralls";"energy | transport";"true";"/ariteks/fabrics/arwowear-t13-flame-pro/data/fabric-complete-record.json"
"arwowear-t20-flame-pro";"ArWoWear T20 Flame Pro";"ArWoWear";"arwowear-flame-pro";"fr-workwear";"matched-with-review";"Hutnictwo i spawalnictwo [welding]";"welding:95";"welding: Welding Protection | Yes | EN ISO 11611 / norms include EN ISO 11611 / properties include molten-metal";"energy | firefighting";"true";"/ariteks/fabrics/arwowear-t20-flame-pro/data/fabric-complete-record.json"
"arwowear-t21-flame-pro";"ArWoWear T21 Flame Pro";"ArWoWear";"arwowear-flame-pro";"fr-workwear";"matched-with-review";"Hutnictwo i spawalnictwo [welding]";"welding:92";"welding: Welding Protection | Yes | EN ISO 11611 / norms: EN ISO 11611 / properties: molten-metal / Application | Flame Retardant Coveralls";"energy | firefighting | military";"true";"/ariteks/fabrics/arwowear-t21-flame-pro/data/fabric-complete-record.json"
"arwowear-t30-flame-pro";"ArWoWear T30 Flame Pro";"ArWoWear";"arwowear-flame-pro";"fr-workwear";"matched-with-review";"Hutnictwo i spawalnictwo [welding]";"welding:95";"welding: Welding Protection | Yes | EN ISO 11611 / norms include EN ISO 11611 / properties include molten-metal";"energy | firefighting";"true";"/ariteks/fabrics/arwowear-t30-flame-pro/data/fabric-complete-record.json"
"arwowear-t31-flame-pro";"ArWoWear T31 Flame Pro";"ArWoWear";"arwowear-flame-arc-pro";"fr-workwear";"matched-with-review";"Hutnictwo i spawalnictwo [welding]";"welding:95";"welding: Welding Protection | Yes | EN ISO 11611 / norms include EN ISO 11611 / properties: molten-metal / Application | Flame Retardant Coveralls";"energy | firefighting | military";"true";"/ariteks/fabrics/arwowear-t31-flame-pro/data/fabric-complete-record.json"
"arwowear-t2-flame-arc-pro";"ArWoWear T2 Flame Arc Pro";"ArWoWear";"arwowear-flame-arc-pro";"fr-antistatic";"matched-with-review";"Hutnictwo i spawalnictwo [welding]";"welding:92";"welding: Welding Protection | Yes | EN ISO 11611 / Norms: EN ISO 11611 / descriptions: 'flame retardant function with EN ISO 11612 and EN ISO 11611 certification'";"energy | firefighting";"true";"/ariteks/fabrics/arwowear-t2-flame-arc-pro/data/fabric-complete-record.json"
"arwowear-t11-flame-arc-pro";"ArWoWear T11 Flame Arc Pro";"ArWoWear";"arwowear-flame-arc-pro";"fr-antistatic";"matched-with-review";"Hutnictwo i spawalnictwo [welding] | Energetyka [energy]";"welding:95 | energy:92";"welding: Welding Protection | Yes | EN ISO 11611 / EN ISO 11611 certification / EN 61482 molten-metal/arc protection || energy: Protection against thermal hazards of electrical arc. (EN 61482-1-2) / Arc Protection | Class 1 (4kA) | EN ISO 61482-1-2 / ATPV > 15 cal/cm²";"firefighting | military";"true";"/ariteks/fabrics/arwowear-t11-flame-arc-pro/data/fabric-complete-record.json"
"arwowear-t20-flame-arc-pro";"ArWoWear T20 Flame Arc Pro";"ArWoWear";"arwowear-flame-arc-pro";"fr-antistatic";"matched-with-review";"Hutnictwo i spawalnictwo [welding]";"welding:95";"welding: Welding Protection | Yes | EN ISO 11611 / norms include EN ISO 11611 / Application | Flame Retardant Shirt";"energy | firefighting | military";"true";"/ariteks/fabrics/arwowear-t20-flame-arc-pro/data/fabric-complete-record.json"
"arwowear-t21-flame-arc-pro";"ArWoWear T21 Flame Arc Pro";"ArWoWear";"arwowear-flame-arc-pro";"fr-antistatic";"matched-with-review";"Hutnictwo i spawalnictwo [welding]";"welding:92";"welding: Welding Protection | Yes | EN ISO 11611 / molten-metal property / EN ISO 11611 certification";"energy | firefighting | military";"true";"/ariteks/fabrics/arwowear-t21-flame-arc-pro/data/fabric-complete-record.json"
"arwowear-t30-flame-arc-pro";"ArWoWear T30 Flame Arc Pro";"ArWoWear";"arwowear-flame-arc-pro";"fr-antistatic";"matched-with-review";"Hutnictwo i spawalnictwo [welding] | Energetyka [energy]";"welding:95 | energy:92";"welding: EN ISO 11611 certification / Welding Protection | Yes | EN ISO 11611 / molten-metal property || energy: EN 61482 arc protection / Arc Protection | Class 1 (4kA) / Protection against thermal hazards of electrical arc";"firefighting | military";"true";"/ariteks/fabrics/arwowear-t30-flame-arc-pro/data/fabric-complete-record.json"
"arwowear-t31-flame-arc-pro";"ArWoWear T31 Flame Arc Pro";"ArWoWear";"arwowear-flame-arc-pro";"fr-antistatic";"matched-with-review";"Hutnictwo i spawalnictwo [welding]";"welding:95";"welding: Welding Protection | Yes | EN ISO 11611 / EN ISO 11611 certification / norms: EN ISO 11611 / descriptions: It has flame retardant function with EN ISO 11612 and EN ISO 11611 certification.";"energy | firefighting | military";"true";"/ariteks/fabrics/arwowear-t31-flame-arc-pro/data/fabric-complete-record.json"
"aramid-d1-210";"Aramid D1 210";"Aramid";"aramid";"aramid";"matched-with-review";"Hutnictwo i spawalnictwo [welding]";"welding:92";"welding: Welding Protection | Yes | EN ISO 11611 / EN ISO 11611 certification / norms include EN ISO 11611";"energy | firefighting | military";"true";"/ariteks/fabrics/aramid-d1-210/data/fabric-complete-record.json"
"aramid-d2-260";"Aramid D2 260";"Aramid";"aramid";"aramid";"matched-with-review";"Straż pożarna [firefighting] | Hutnictwo i spawalnictwo [welding]";"firefighting:95 | welding:90";"firefighting: for wildland firefighters, oil and gas industry workers. / Forest Firefighters | Yes | EN ISO 15614 / Application | Firefighters Costumes / Inherent flame retardant fabric with EN ISO 11612 and EN ISO 11611 certification. || welding: Welding Protection | Yes | EN ISO 11611 / EN ISO 11611 certification";"energy | military";"true";"/ariteks/fabrics/aramid-d2-260/data/fabric-complete-record.json"
"aramid-d3-200";"Aramid D3 200";"Aramid";"aramid";"aramid";"matched-with-review";"Straż pożarna [firefighting]";"firefighting:95";"firefighting: technicalParameters: 'Application | Firefighters Costumes' / norms include EN 469 / applicationImageLabels: 'Aramid Firefighter Turnout Gear' / technicalParameters: 'Firefighters | Yes | EN ISO 469'";"energy | military | welding";"true";"/ariteks/fabrics/aramid-d3-200/data/fabric-complete-record.json"
"arwowear-260-moda-pro";"ArWoWear 260 Moda Pro";"ArWoWear";"arwowear-moda-pro";"modacrylic";"matched-with-review";"Hutnictwo i spawalnictwo [welding] | Odzież ostrzegawcza hi-vis [hivis]";"welding:97 | hivis:90";"welding: Mostly used by welders, electrical workers and firefighters / EN ISO 11611 certification / Welding Protection | Yes | EN ISO 11611 / Molten-metal property listed || hivis: High Visibility | Done | EN ISO 20471 / hi-vis property listed / EN ISO 20471 norm listed";"energy | firefighting | military | transport";"true";"/ariteks/fabrics/arwowear-260-moda-pro/data/fabric-complete-record.json"
"arwowear-330-moda-pro";"ArWoWear 330 Moda Pro";"ArWoWear";"arwowear-moda-pro";"modacrylic";"matched-with-review";"Hutnictwo i spawalnictwo [welding] | Odzież ostrzegawcza hi-vis [hivis]";"welding:95 | hivis:90";"welding: mostly used by welders, electrical workers and firefighters / EN ISO 11611 Welding Protection | Yes / Application | Flame Retardant Coveralls / molten-metal property || hivis: High Visibility | Done | EN ISO 20471 / applicationImageLabels: Flame Retardant High Visible Jacket and Trouser Modacrylic / properties: hi-vis";"energy | firefighting";"true";"/ariteks/fabrics/arwowear-330-moda-pro/data/fabric-complete-record.json"
"arox-t2-wr";"Arox T2 WR";"Arox";"arox";"polyester-outerwear";"matched-with-review";"Odzież ostrzegawcza hi-vis [hivis]";"hivis:97";"hivis: Certified for EN ISO 20471. / Application | Hi Vis Jackets / applicationImageLabels: Safety Jacket EN 20471 / functionIconLabels: EN 20471 (High Visible Orange) Test Report";"energy | welding";"true";"/ariteks/fabrics/arox-t2-wr/data/fabric-complete-record.json"
"arox-t4-wr-wp";"Arox T4 WR/WP";"Arox";"arox";"polyester-outerwear";"matched-with-review";"Odzież ostrzegawcza hi-vis [hivis]";"hivis:95";"hivis: properties: hi-vis / norms: EN ISO 20471 / applicationImageLabels: Safety Jacket EN 20471 / Application | Hi Vis Raincoats";"energy | welding";"true";"/ariteks/fabrics/arox-t4-wr-wp/data/fabric-complete-record.json"
"arox-t5-multi";"Arox T5 Multi";"Arox";"arox";"polyester-outerwear";"matched-with-review";"Odzież ostrzegawcza hi-vis [hivis]";"hivis:95";"hivis: properties: hi-vis / norms: EN ISO 20471 / applicationImageLabels: 'FR, waterproof, Safety Jacket EN 20471' / Application | Hi Vis Raincoats";"energy | firefighting | welding";"true";"/ariteks/fabrics/arox-t5-multi/data/fabric-complete-record.json"
"argiyim-245";"ArGiyim 245";"ArGiyim";"argiyim";"polycotton";"matched-with-review";"Odzież ostrzegawcza hi-vis [hivis]";"hivis:95";"hivis: Property: hi-vis / Norms: EN ISO 20471 / descriptions: 'Certified for EN ISO 20471 and for EN 13034' / titleDescriptor: High Visible Water Repellent Twill Fabric";"energy | military | welding";"true";"/ariteks/fabrics/argiyim-245/data/fabric-complete-record.json"
"argiyim-290";"ArGiyim 290";"ArGiyim";"argiyim";"polycotton";"matched-with-review";"Odzież ostrzegawcza hi-vis [hivis]";"hivis:97";"hivis: EN ISO 20471 / High Visibility | Done | EN ISO 20471 / 80% Polyester 20% Cotton PolyCotton High Visible Water Repellent Satin Fabric / used for heavy outdoor jackets, safety jackets, pans and trousers";"military | welding";"true";"/ariteks/fabrics/argiyim-290/data/fabric-complete-record.json"
"argiyim-245-static-pro";"ArGiyim 245 Static Pro";"ArGiyim";"argiyim";"polycotton";"matched-with-review";"Odzież ostrzegawcza hi-vis [hivis]";"hivis:93";"hivis: norms includes EN ISO 20471 / functionIconLabels: EN 20471 / technicalParameters: High Visibility | Done | EN ISO 20471 / technicalParameters: Application | Hi Vis Antistatic Pans / applicationImageLabels: Polycotton antistatic jacket, Polycotton antistatic suit";"energy | medical";"true";"/ariteks/fabrics/argiyim-245-static-pro/data/fabric-complete-record.json"
"argiyim-bird-eye";"ArGiyim Bird Eye";"ArGiyim";"argiyim";"polycotton";"matched-with-review";"Odzież ostrzegawcza hi-vis [hivis]";"hivis:97";"hivis: Property: hi-vis / Norm: EN ISO 20471 / Certified for EN ISO 20471 / titleDescriptor: PolyCotton High Visible Bird Eye Knit Fabric / technicalParameters: Application | Hi Vis T-Shirts / functionIconLabels: EN 20471";"energy | sport";"true";"/ariteks/fabrics/argiyim-bird-eye/data/fabric-complete-record.json"
"argiyim-sultan";"ArGiyim Sultan";"ArGiyim";"argiyim-knit";"polycotton";"matched-with-review";"Odzież ostrzegawcza hi-vis [hivis]";"hivis:95";"hivis: Certified for EN ISO 20471 / High Visibility | Done | EN ISO 20471 / titleDescriptor: High Visible... Satin Fabric / Application | Hi Vis Pans";"energy | firefighting | welding";"true";"/ariteks/fabrics/argiyim-sultan/data/fabric-complete-record.json"
"argiyim-ic";"ArGiyim Ic";"ArGiyim";"argiyim-knit";"polycotton-needle-drop";"matched-with-review";"Odzież ostrzegawcza hi-vis [hivis]";"hivis:97";"hivis: titleDescriptor: '50% Polyester 50% Cotton PolyCotton High Visible Needle Drop Knit Fabric' / norms includes 'EN ISO 20471' / technicalParameters: 'High Visibility | Done | EN ISO 20471' / technicalParameters: 'Application | Hi Vis T-Shirts' / applicationImageLabels: 'Double face needle drop interlock high visible orange t-shirt'";"energy | firefighting | welding";"true";"/ariteks/fabrics/argiyim-ic/data/fabric-complete-record.json"
"arsuprem-aramid-vis";"ArSuprem Aramid Vis";"ArSuprem";"aramid-vis-knit";"aramid-viscose-knits";"matched-with-review";"Straż pożarna [firefighting]";"firefighting:90";"firefighting: ArSuprem Aramid Vis fabric are mostly used by electrical workers and firefighters. / Inherent flame retardant with EN 11612 certification";"energy";"true";"/ariteks/fabrics/arsuprem-aramid-vis/data/fabric-complete-record.json"
"arshirt-aramid-vis";"ArShirt Aramid Vis";"ArShirt";"aramid-vis-knit";"aramid-viscose-knits";"matched-with-review";"Energetyka [energy]";"energy:92";"energy: ArShirt Aramid Vis fabric are mostly used by electrical workers and firefighters. / It provides arc flash protection with EN 61482 class 1 (4 kA) certification. / Antistatic | Done | EN ISO 1149-5";"firefighting";"true";"/ariteks/fabrics/arshirt-aramid-vis/data/fabric-complete-record.json"
"ar3iplik-aramid-vis";"Ar3 İplik Aramid Vis";"Ar3";"aramid-vis-knit";"aramid-viscose-knits";"matched-with-review";"Straż pożarna [firefighting]";"firefighting:90";"firefighting: Ar3İplik Aramid Vis fabric are mostly used by electrical workers and firefighters.";"energy | welding";"true";"/ariteks/fabrics/ar3iplik-aramid-vis/data/fabric-complete-record.json"
"aramid-d1-210-denim";"Aramid D1 210 Denim";"Aramid";"aramid-2";"aramid-denim";"matched-with-review";"Energetyka [energy]";"energy:95";"energy: for electricity distribution companies and oil and gas industry workers. / Application | Electricity distribution / Protection against thermal hazards of electrical arc. (EN 61482-1-2) / Arc Protection | Class 1 (4kA) | EN ISO 61482-1-2";"military | welding";"true";"/ariteks/fabrics/aramid-d1-210-denim/data/fabric-complete-record.json"
"aramid-d2-260-el";"Aramid D2 260 El";"Aramid";"aramid-knit";"aramid-denim";"matched-with-review";"Wojsko i służby mundurowe [military] | Straż pożarna [firefighting]";"military:95 | firefighting:90";"military: for military application and firefighters with ultra comfort. / Application | Military Applications || firefighting: for military application and firefighters with ultra comfort. / applicationImageLabels: Cordura(R) Reinforced Aramid Firefighter Turnout Gear";"energy | welding";"true";"/ariteks/fabrics/aramid-d2-260-el/data/fabric-complete-record.json"
"ar3iplik-moda-pro";"Ar3İplik Moda Pro";"Ar3Iplik";"arwowear-moda-pro-2";"fr-stretch-fleece";"matched-with-review";"Odzież ostrzegawcza hi-vis [hivis]";"hivis:90";"hivis: properties: hi-vis / norms: EN ISO 20471 / technicalParameters: High Visibility | Done | EN ISO 20471 / functionIconLabels: EN 20471";"energy | medical | welding";"true";"/ariteks/fabrics/ar3iplik-moda-pro/data/fabric-complete-record.json"
"ard3e3";"ArD3E3";"ArD3E3";"ard3e3";"molten-metal";"matched-with-review";"Hutnictwo i spawalnictwo [welding]";"welding:97";"welding: categoryId: molten-metal / EN ISO 11611 (Welding Protection: Yes) / EN ISO 11612 D3 E3 / Application | Hot metal protective clothing / Resistant to hot metal splash around 1500'C degrees / used to make jacket and trousers for hot metal, steel and aluminum industries";"energy | hivis | medical | military";"true";"/ariteks/fabrics/ard3e3/data/fabric-complete-record.json"
"arbo";"ArBo";"ArBo";"arbo";"pbo";"matched-with-review";"Straż pożarna [firefighting]";"firefighting:99";"firefighting: ArBo is designed for firefighters's suit. / Flame resistant (Flame retardant) fabric with EN 469 certification. / Application | Firefighters Suits / applicationImageLabels: 'Pbo 4 layer firefighter suit', '50% para aramid 50% pbo turnout gear' / familyDescriptorEn: Firefighter fabrics";"energy";"true";"/ariteks/fabrics/arbo/data/fabric-complete-record.json"
"arbo-dark";"ArBo Dark";"ArBo";"arbo";"pbo";"matched-with-review";"Straż pożarna [firefighting] | Wojsko i służby mundurowe [military]";"firefighting:97 | military:95";"firefighting: familyDescriptorEn: Firefighter fabrics / EN 469 certification / applicationImageLabels: 'Pbo 4 layer firefighter suit' / technicalParameters: 'Firefighters | Yes | EN ISO 469' || military: descriptions: 'ArBo Dark is designed for military application.' / descriptions: 'ArBo Dark is the best fabric in all categories for military applications.' / technicalParameters: 'Application | Military Applications'";"energy";"true";"/ariteks/fabrics/arbo-dark/data/fabric-complete-record.json"
"aramid-d5-180-rb";"Aramid D5 180 Rb";"Aramid";"aramid";"pbo";"matched-with-review";"Straż pożarna [firefighting]";"firefighting:97";"firefighting: for woodland firefighters. Aramid D5 180 Rb is designed for woodland, wild forest fire condtions with high p-aramid and pbo content. / applicationImageLabels: Woodland Firefighter Suits / Application | Forest Firefigters's Jacket / Forest Firefighters | Yes | EN ISO 15614 / norms include EN 469";"energy | welding";"true";"/ariteks/fabrics/aramid-d5-180-rb/data/fabric-complete-record.json"
"arbo-knit";"ArBo Knit";"ArBo";"arbo";"pbo";"matched-with-review";"Straż pożarna [firefighting]";"firefighting:98";"firefighting: ArBo Knit is designed for firefighters's inner t-shirt. / for firefighters t-shirts. / Application | Firefighters T-Shirt / Application image label: Pbo Knit firefighter t-shirt / familyDescriptorEn: Firefighter fabrics / EN ISO 11612 certification";"energy | military";"true";"/ariteks/fabrics/arbo-knit/data/fabric-complete-record.json"
"arwowear-t4-emk";"ArWoWear T4 EMK";"ArWoWear";"aremk";"emi";"matched-with-review";"Energetyka [energy]";"energy:90";"energy: Categorized under 'Fabrics for Emi shielding, anti-radar, antistress, high voltage protection.' / ""Another application is conductive clothing for live line workers..."" / ""Arox T4 Antibac is certfied as IEC 60895 for line workers clothing."" / Technical parameter: 'Application | Faraday Cage Suits', 'Line Workers | Done | IEC 60895'";"architecture-building | medical | military";"true";"/ariteks/fabrics/arwowear-t4-emk/data/fabric-complete-record.json"
"arshirt-emk";"ArShirt EMK";"ArShirt";"aremk";"emi";"matched-with-review";"Energetyka [energy]";"energy:90";"energy: Conductive clothing for live line workers, anti-radar applications for military cages, ani-stress, and pain reducer bandages. / ArShirt EMK is certfied as 60895 for line workers clothing. / categorySourceGroup: Fabrics for Emi shielding, anti-radar, antistress, high voltage protection. / norms: IEC 60895";"architecture-building | medical | military";"true";"/ariteks/fabrics/arshirt-emk/data/fabric-complete-record.json"
"armedi";"ArMedi";"ArMedi";"armedi";"medical";"matched";"Medycyna [medical]";"medical:98";"medical: categoryId: medical / familyDescriptorEn: Elastic medical fabrics / descriptions: 'ArMedi is 75% polyester 25% Viscose medical wear fabric... for hospital and school workers... most popular fabric for light uniforms usage.' / Application | Medical Uniforms / applicationImageLabels: Medical Uniform";"";"true";"/ariteks/fabrics/armedi/data/fabric-complete-record.json"
"arox-t2-wr-antibac";"Arox T2 WR/Antibac";"Arox";"armedi-antibac";"antibacterial";"matched";"Medycyna [medical]";"medical:97";"medical: Application | Medical Uniforms / Arox T2 WR/Antibac fabrics are mostly used for medical applications with superior antibacterial functions. / Cleanroom Suits | Done | EN 13795 / norms include EN 14683, EN 13795";"";"true";"/ariteks/fabrics/arox-t2-wr-antibac/data/fabric-complete-record.json"
"arwowear-t4-antibac";"ArWoWear T4 Antibac";"ArWoWear";"armedi-antibac";"antibacterial";"matched";"Medycyna [medical]";"medical:97";"medical: Application | Medical Mattress / Clean Air Suits | Done | EN 13795 / Antiviral Antibacterial Medical Scrubs Pans White, ISO 18184 / Arwowear T4 Antibac fabrics are mostly used for medical applications with superior antibacterial functions. / medical wear twill fabric";"";"true";"/ariteks/fabrics/arwowear-t4-antibac/data/fabric-complete-record.json"
"arox-t0-wr-wp";"Arox T0 WR/WP";"Arox";"arox-medical";"antibacterial";"matched";"Medycyna [medical]";"medical:97";"medical: Barrier medical fabrics family descriptor / Application | Medical Cover / Application image labels: Tulum, Isolation Gown / Can be used for medical cover / Antibacterial silver fabric category";"";"true";"/ariteks/fabrics/arox-t0-wr-wp/data/fabric-complete-record.json"
"arox-t1-wr-wp";"Arox T1 WR/WP";"Arox";"arox-medical";"antibacterial";"matched";"Medycyna [medical]";"medical:97";"medical: familyDescriptorEn: Barrier medical fabrics / descriptions: 'Arox T1 WR/WP fabrics can be used for medical suits.' / applicationImageLabels: 'Isolation Gown', 'Surgical Gown' / technicalParameters: Application | Medical Cover";"";"true";"/ariteks/fabrics/arox-t1-wr-wp/data/fabric-complete-record.json"
"arpower-knit-p";"ArPower Knit P";"ArPower";"arpower-knit";"medical-elastic";"matched";"Medycyna [medical]";"medical:97";"medical: categoryId: medical-elastic / categorySourceGroup: Ultra elastic medical fabrics for orthopedical,corset and face mask applications. / for corset applications / can be used during orthopedical treatments / 2 layer of this fabric can be easily used to produce certified EN 14683 face masks / Application | Medical Corset";"";"true";"/ariteks/fabrics/arpower-knit-p/data/fabric-complete-record.json"
"arpower-knit";"ArPower Knit";"ArPower";"arpower-knit";"medical-elastic";"matched";"Medycyna [medical]";"medical:97";"medical: categorySourceGroup: Ultra elastic medical fabrics for orthopedical, corset and face mask applications. / for corset applications... can be used during orthopedical treatments / 2 layer of this fabric can be easily used to produce certified EN 14683 face masks / Application | Medical Corset / norms: EN 14683 / Bacterial Filtration | Type IIR | EN 14683";"";"true";"/ariteks/fabrics/arpower-knit/data/fabric-complete-record.json"
"arwowear-t0-soft";"ArWoWear T0 Soft";"ArWoWear";"arwowear-t0-soft";"scrubs";"matched";"Medycyna [medical]";"medical:95";"medical: categoryId: scrubs / categoryNamePl: Odzież medyczna (scrubs) / categorySourceGroup: Scrub and shirt fabrics for medical wear. / description: 'the most used fabric for medical wear'";"";"true";"/ariteks/fabrics/arwowear-t0-soft/data/fabric-complete-record.json"
"arshirt-antiviral";"ArShirt Antiviral";"ArShirt";"armedi-antiviral";"antiviral";"matched-with-review";"Medycyna [medical]";"medical:95";"medical: ArShirt Antiviral fabrics are mostly used for medical applications with superior antiviral functions. / Application | Antiviral T-Shirts / Antiviral | Yes | ISO 18184";"sport";"true";"/ariteks/fabrics/arshirt-antiviral/data/fabric-complete-record.json"
"arof";"Arof";"Arof";"arof";"tracksuit-mesh";"matched-with-review";"Sport [sport]";"sport:90";"sport: It is mostly used as sport suits for runners and soldiers. / Track Suit Fabric / applicationImageLabels: Track Suit";"military";"true";"/ariteks/fabrics/arof/data/fabric-complete-record.json"
"arsport";"ArSport";"ArSport";"arsport";"t-shirt-interlock";"matched";"Sport [sport]";"sport:90";"sport: ArSport is 100% Polyester interlock knit fabric for team uniforms. / Application | Team Uniform / familyDescriptorEn: Sports knits";"";"true";"/ariteks/fabrics/arsport/data/fabric-complete-record.json"
"arsport-x";"ArSport X";"ArSport";"arsport";"t-shirt-interlock";"matched-with-review";"Odzież ostrzegawcza hi-vis [hivis]";"hivis:95";"hivis: Property: hi-vis / Norms: EN ISO 20471 / descriptions: 'It has also high visibility option. (EN 20471 certified)' / technicalParameters: High Visibility | Done | EN ISO 20471";"sport";"true";"/ariteks/fabrics/arsport-x/data/fabric-complete-record.json"
"armoto";"ArMoto";"ArMoto";"armoto";"heavy-warp-knits";"matched-with-review";"Odzież motocyklowa [motorcycle] | Odzież ostrzegawcza hi-vis [hivis]";"motorcycle:92 | hivis:90";"motorcycle: familyDescriptorEn: Motorcycle apparel fabrics / ArMoto can be used on motorcyclist cloths as air channel. / Application | Wind Jacket, Shoes || hivis: properties: hi-vis / norms: EN ISO 20471";"sport";"true";"/ariteks/fabrics/armoto/data/fabric-complete-record.json"
"armoto-dura";"ArMoto Dura";"ArMoto";"armoto";"heavy-warp-knits";"matched-with-review";"Wojsko i służby mundurowe [military]";"military:95";"military: For the military shoes industry it is popular fabric to laminate on base and edge of shoes. / 100% polyamide 6.6 warp knit fabric for heavy duty and military shoes. / Application | Military Shoes";"motorcycle";"true";"/ariteks/fabrics/armoto-dura/data/fabric-complete-record.json"
"arhard-mesh";"ArHard Mesh";"ArHard";"arhard-mesh";"heavy-mesh";"matched";"Wojsko i służby mundurowe [military]";"military:97";"military: Title: 'Mesh Fabric for Military Tactical Vest' / Description: 'The main application is for tactical vest.' / technicalParameters: 'Application | Military Tactical Vest' / applicationImageLabels: ['Tactical Vest 1','Tactical Vest 2','Tactical Vest 3']";"";"true";"/ariteks/fabrics/arhard-mesh/data/fabric-complete-record.json"
"arsport-dry";"ArSport Dry";"ArSport";"arsport2";"functional-interlock";"matched-with-review";"Odzież ostrzegawcza hi-vis [hivis]";"hivis:92";"hivis: properties: [""hi-vis""] / norms: [""EN ISO 20471""] / technicalParameters: ""High Visible | Yes | EN 20471""";"medical | military | sport";"true";"/ariteks/fabrics/arsport-dry/data/fabric-complete-record.json"
"arsport-el";"ArSport El";"ArSport";"arsport2";"functional-interlock";"matched-with-review";"Odzież ostrzegawcza hi-vis [hivis]";"hivis:95";"hivis: properties: hi-vis / norms: EN ISO 20471 / Certified for EN 20471. / technicalParameters: High Visible | Yes | EN 20471";"sport";"true";"/ariteks/fabrics/arsport-el/data/fabric-complete-record.json"
"arsport-wp-flame-pro";"ArSport Wp/Flame Pro";"ArSport";"arsport2";"functional-interlock";"matched";"Straż pożarna [firefighting]";"firefighting:97";"firefighting: is humidity barrier fabric for firefighters suits. / It is flame retardant thus can be used on the inner layer of the firefighters cloth. / EN ISO 14116 / EN 343";"";"true";"/ariteks/fabrics/arsport-wp-flame-pro/data/fabric-complete-record.json"
"argiyim-l";"ArGiyim L";"ArGiyim";"argiyim-2";"ripstop-outdoor";"matched-with-review";"Medycyna [medical]";"medical:92";"medical: ArGiyim L is the most requested fabric for elastic medical wear scrubs and pants.";"sport";"true";"/ariteks/fabrics/argiyim-l/data/fabric-complete-record.json"
"ardura-500";"ArDura 500";"ArDura";"ardura";"pa66-abrasion";"matched-with-review";"Wojsko i służby mundurowe [military]";"military:97";"military: titleDescriptor: 'Pa6.6 woven fabric for Military wear and bag' / description: 'ArDura 500 is lightweight 100% polyamide 6.6 woven fabric for military wear and equippments.' / technicalParameters: 'Application | Miltary Equippments' / applicationImageLabels: 'Pa6.6 fabric for military shoes'";"motorcycle";"true";"/ariteks/fabrics/ardura-500/data/fabric-complete-record.json"
"ardura-1000";"ArDura 1000";"ArDura";"ardura-2";"pa66-abrasion";"matched-with-review";"Wojsko i służby mundurowe [military]";"military:97";"military: ArDura 1000 is 100% polyamide 6.6 woven fabric for military equipments. / Pa6.6 woven fabric for military bag / Application | Miltary Equippments / categorySourceGroup: Woven PA.6.6 fabrics for military applications";"motorcycle";"true";"/ariteks/fabrics/ardura-1000/data/fabric-complete-record.json"
"ardura-500-c";"ArDura 500 C";"ArDura";"ardura-2";"uniform-pa66";"matched-with-review";"Wojsko i służby mundurowe [military] | Odzież motocyklowa [motorcycle]";"military:95 | motorcycle:92";"military: Descriptions: 'ArDura 500 C is lightweight 100% polyamide 6.6 woven fabric for military, police and gendarme wear.' / titleDescriptor: 'Pa6.6 woven fabric for Police and Gendarme wear' / categorySourceGroup: 'Woven PA.6.6 fabrics for police uniforms, motorcyclists, bomb disposal suits and technical military applications.' || motorcycle: Descriptions: 'It is suitable for mobile motobikers police wear.' / technicalParameters: 'Application | Police Motobikers' / applicationImageLabels: 'Cordura Motorcyclist Cloth', 'Cordura Police Motorcyclist Cloth'";"medical";"true";"/ariteks/fabrics/ardura-500-c/data/fabric-complete-record.json"
"ardura-500-c-neo";"ArDura 500 C Neo";"ArDura";"ardura-2";"uniform-pa66";"matched-with-review";"Odzież ostrzegawcza hi-vis [hivis] | Wojsko i służby mundurowe [military] | Odzież motocyklowa [motorcycle]";"hivis:95 | military:90 | motorcycle:90";"hivis: titleDescriptor: 'Pa6.6 woven high visible fabric for Police and Gendarme wear' / norms: 'EN ISO 20471' / properties: 'hi-vis' || military: categorySourceGroup: 'Woven PA.6.6 fabrics for police uniforms, motorcyclists, bomb disposal suits and technical military applications.' / descriptions: 'ArDura 500 C Neo is lightweight high visible 100% polyamide 6.6 woven fabric for military, police and gendarme wear.' || motorcycle: descriptions: 'It is suitable for mobile motobikers police wear.' / technicalParameters: 'Application | Police Motobikers'";"medical";"true";"/ariteks/fabrics/ardura-500-c-neo/data/fabric-complete-record.json"
"ardura-500-c-rb";"ArDura 500 C Rb";"ArDura";"ardura-2";"uniform-pa66";"matched-with-review";"Wojsko i służby mundurowe [military] | Odzież motocyklowa [motorcycle]";"military:95 | motorcycle:90";"military: Category source group: Woven PA.6.6 fabrics for police uniforms, motorcyclists, bomb disposal suits and technical military applications. / ArDura 500 C Rb is lightweight 100% polyamide 6.6 ripstop woven fabric for military, police and gendarme wear. / Title descriptor: Pa6.6 woven ripstop fabric for Police and Gendarme wear || motorcycle: It is suitable for mobile motobikers police wear. / Technical parameter: Application | Police Motobikers";"medical";"true";"/ariteks/fabrics/ardura-500-c-rb/data/fabric-complete-record.json"
"ardura-500-kirik-dimi";"ArDura 500 Kirik Dimi";"ArDura";"ardura-2";"uniform-pa66";"matched";"Wojsko i służby mundurowe [military] | Odzież motocyklowa [motorcycle]";"military:95 | motorcycle:90";"military: 'ArDura 500 Kirik Dimi is lightweight 100% polyamide 6.6 cross twill woven fabric for military, police and gendarme wear.' / categorySourceGroup: 'Woven PA.6.6 fabrics for police uniforms, motorcyclists, bomb disposal suits and technical military applications.' / titleDescriptor: 'Pa6.6 woven cross twill fabric for Police and Gendarme wear' || motorcycle: 'It is suitable for mobile motobikers police wear.' / technicalParameters: 'Application | Police Motobikers'";"";"true";"/ariteks/fabrics/ardura-500-kirik-dimi/data/fabric-complete-record.json"
"ardura-500-fr";"ArDura 500 Fr";"ArDura";"ardura-2";"uniform-pa66";"matched-with-review";"Wojsko i służby mundurowe [military] | Odzież motocyklowa [motorcycle]";"military:92 | motorcycle:90";"military: ""for military, police and gendarme wear"" / categorySourceGroup: ""Woven PA.6.6 fabrics for police uniforms, motorcyclists, bomb disposal suits and technical military applications."" || motorcycle: ""It is suitable for mobile motobikers police wear."" / technicalParameters: ""Application | Police Motobikers""";"energy | firefighting | hivis | medical | welding";"true";"/ariteks/fabrics/ardura-500-fr/data/fabric-complete-record.json"
"ardura-1000-c";"ArDura 1000 C";"ArDura";"ardura-2";"uniform-pa66";"matched-with-review";"Wojsko i służby mundurowe [military]";"military:95";"military: titleDescriptor: Pa6.6 woven fabric for military equipment / descriptions: 'ArDura 1000 C is heavyweight 100% polyamide 6.6 woven fabric for military equipment.' / descriptions: 'The Pa6.6 high tenacity fibers gives for extra protection for military and police bags.' / technicalParameters: 'Application | Military Equipment' / categorySourceGroup: Woven PA.6.6 fabrics for police uniforms, motorcyclists, bomb disposal suits and technical military applications.";"hivis | medical | motorcycle";"true";"/ariteks/fabrics/ardura-1000-c/data/fabric-complete-record.json"
"ardura-1000-c-rb";"ArDura 1000 C Rb";"ArDura";"ardura-2";"uniform-pa66";"matched-with-review";"Wojsko i służby mundurowe [military]";"military:93";"military: categorySourceGroup: 'Woven PA.6.6 fabrics for police uniforms, motorcyclists, bomb disposal suits and technical military applications.' / titleDescriptor: 'Pa6.6 woven ripstop fabric for military equipment' / description: 'ArDura 1000 C Rb is heavyweight 100% polyamide 6.6 ripstop woven fabric for military equipment.' / technicalParameters: 'Application | Military Equipment'";"hivis | medical | motorcycle";"true";"/ariteks/fabrics/ardura-1000-c-rb/data/fabric-complete-record.json"
"ardura-1000-kirik-dimi";"ArDura 1000 Kirik Dimi";"ArDura";"ardura-2";"uniform-pa66";"matched-with-review";"Wojsko i służby mundurowe [military]";"military:95";"military: titleDescriptor: 'Pa6.6 woven cross twill fabric for military equipment' / descriptions: 'ArDura 1000 Kirik Dimi is heavyweight 100% polyamide 6.6 cross twill woven fabric for military equipment.' / descriptions: 'The Pa6.6 high tenacity fibers gives for extra protection for military and police bags.' / technicalParameters: 'Application | Military Equipment' / categorySourceGroup: 'Woven PA.6.6 fabrics for police uniforms, motorcyclists, bomb disposal suits and technical military applications.'";"hivis | medical | motorcycle";"true";"/ariteks/fabrics/ardura-1000-kirik-dimi/data/fabric-complete-record.json"
"ardura-1000-fr";"ArDura 1000 Fr";"ArDura";"ardura-2";"uniform-pa66";"matched-with-review";"Wojsko i służby mundurowe [military] | Odzież motocyklowa [motorcycle]";"military:95 | motorcycle:90";"military: Woven PA.6.6 fabrics for police uniforms, motorcyclists, bomb disposal suits and technical military applications. / ArDura 1000 Fr is heavyweight 95% polyamide 5% Polyurethane 6.6 woven fabric for military, police and gendarme wear. / Pa6.6 woven flame retardant coated fabric for Police and Gendarme wear || motorcycle: It is suitable for mobile motobikers police wear. / Application | Police Motobikers";"firefighting";"true";"/ariteks/fabrics/ardura-1000-fr/data/fabric-complete-record.json"
"argiyim-dura";"ArGiyim Dura";"ArGiyim";"argiyim-yp";"uniform-pa66";"matched-with-review";"Wojsko i służby mundurowe [military] | Odzież motocyklowa [motorcycle]";"military:95 | motorcycle:92";"military: categorySourceGroup: Woven PA.6.6 fabrics for police uniforms, motorcyclists, bomb disposal suits and technical military applications / descriptions: 'ArGiyim Dura is 50% polyamide 6.6 50% Cotton woven fabric for military, police and gendarme wear' / titleDescriptor: 'woven fabric for Police and Gendarme wear' || motorcycle: descriptions: 'It is suitable for mobile motobikers police wear' / technicalParameters: 'Application | Police Motobikers'";"hivis | medical";"true";"/ariteks/fabrics/argiyim-dura/data/fabric-complete-record.json"
"argiyim-knit-knife-pro";"ArGiyim Knit Knife Pro";"ArGiyim";"argiyim-knit";"cut-resistant";"matched-with-review";"Odzież motocyklowa [motorcycle]";"motorcycle:95";"motorcycle: 100% p-Aramid jersey knit fabric for motorcyclist linings. / Application | Motorcyclist lining";"military";"true";"/ariteks/fabrics/argiyim-knit-knife-pro/data/fabric-complete-record.json"
"argiyim-denim-kursun";"ArGiyim Denim Kursun";"ArGiyim";"argiyim-knit";"cut-resistant";"matched-with-review";"Odzież motocyklowa [motorcycle]";"motorcycle:97";"motorcycle: EN 17092 certified as motorcyclist norms. / Application | Motorcyclist Cloth / provides extra abraison resistance for motorcyclist's cloth";"military";"true";"/ariteks/fabrics/argiyim-denim-kursun/data/fabric-complete-record.json"
"ardura-500-cg";"ArDura 500 CG";"ArDura";"ardura-2";"cut-resistant";"matched";"Wojsko i służby mundurowe [military]";"military:97";"military: Pa6.6 woven fabric for Bomb Disposal Suits / ArDura 500 CG is 100% polyamide 6.6 woven fabric for bomb disposal suits, military, police and gendarme wear and nail proof pockets on workwear. / Application | Bomb Disposal Suits / EN 17092 (protective clothing standard referenced)";"";"true";"/ariteks/fabrics/ardura-500-cg/data/fabric-complete-record.json"
"arcadir-520";"ArCadır 520";"ArCad";"arcadir";"";"matched";"Wojsko i służby mundurowe [military]";"military:97";"military: It is used as military and disaster tent application. / Application | Miltary Tents / applicationImageLabels: Military Tent, Miltary Tent";"";"true";"/ariteks/fabrics/arcadir-520/data/fabric-complete-record.json"
"arflexmembrane";"ArFlexMembrane";"ArFlexMembrane";"arflexmembrane";"";"matched";"Tkaniny architektoniczne i budowlane [architecture-building]";"architecture-building:95";"architecture-building: familyDescriptorEn: 'PVC-free architectural membrane' / titleDescriptor: 'Tension Fabric Without PVC for Architectural Usage' / descriptions: 'It's used for lightweight outdoor roof systems.' / Application: Outdoor, non permanent structures / applicationImageLabels: 'Indoor Membrane Application 1/4/8'";"";"true";"/ariteks/fabrics/arflexmembrane/data/fabric-complete-record.json"
"arinter";"ArInter";"ArInter";"arinter";"";"matched-with-review";"Tkaniny architektoniczne i budowlane [architecture-building]";"architecture-building:95";"architecture-building: Tension fabric for interior decoration / Tension Fabric Stuctures for Inside Decoration / Application | Indoor Tension Fabric / 'ArInter can be used by designers and architects to decorate an environment' / Application image labels: Turkmenistan Airport, TRT Studio, Neomarin Shopping Center";"hivis | medical | transport";"true";"/ariteks/fabrics/arinter/data/fabric-complete-record.json"
"ardoku";"ArDoku";"ArDoku";"ardoku-ardolu";"laminates-3l";"matched-with-review";"Odzież ostrzegawcza hi-vis [hivis]";"hivis:95";"hivis: properties: hi-vis / norms: EN ISO 20471 / technicalParameters: High Visible | Yes | EN 20471 / descriptions: ArDoku is certified for EN 343 and EN 20471";"energy | firefighting";"true";"/ariteks/fabrics/ardoku/data/fabric-complete-record.json"
"ardolu";"ArDolu";"ArDolu";"ardoku-ardolu";"laminates-3l";"matched-with-review";"Odzież ostrzegawcza hi-vis [hivis]";"hivis:95";"hivis: properties: hi-vis / norms: EN ISO 20471 / High Visible | Yes | EN 20471 / applicationImageLabels: High visible orange rain jackets, High visible yellow rain jackets";"transport";"true";"/ariteks/fabrics/ardolu/data/fabric-complete-record.json"
"arseat";"ArSeat";"ArSeat";"arseat";"upholstery-knits";"matched-with-review";"Tkaniny dla transportu [transport]";"transport:93";"transport: Suitable for car upholstery and sport shoes. / Application | Car Upholstery, Shoes";"sport";"true";"/ariteks/fabrics/arseat/data/fabric-complete-record.json"
"arseat-eco";"ArSeat Eco";"ArSeat";"arseat";"upholstery-knits";"matched-with-review";"Tkaniny dla transportu [transport]";"transport:92";"transport: It is suitable for car upholstery and sport shoes. / Application | Car Upholstery, Shoes";"sport";"true";"/ariteks/fabrics/arseat-eco/data/fabric-complete-record.json"
"ardilight";"ArDiLight";"ArDiLight";"ardilight";"";"matched";"Tkaniny architektoniczne i budowlane [architecture-building]";"architecture-building:98";"architecture-building: familyDescriptorEn: Stretch-ceiling fabric for soft diffuse light / titleDescriptor: Stretch Ceiling PVC Fabric / technicalParameters: Application | Stretch Ceiling / applicationImageLabels: Stretch Ceiling 2, Stretch Ceiling 3, Stretch Ceiling 9";"";"true";"/ariteks/fabrics/ardilight/data/fabric-complete-record.json"
