"slug";"name";"primaryApplication";"primaryConfidence";"secondaryApplication";"secondaryConfidence";"reviewReason";"alternativesConsidered";"primaryEvidence";"secondaryEvidence";"recordUrl"
"arshirt-static-pro";"ArShirt Static Pro";"workwear-industrial";"62";"";"0";"Category metadata labels this as a hi-vis warp knit fabric for safety jackets, conflicting with the antistatic ESD workwear focus of the actual product description; human review recommended to confirm whether hi-vis should be a secondary or the category label is a data artifact.";"energy: Application image label 'Antisatic T-Shirt for Gas Stations' hints at energy-adjacent use, but taxonomy requires explicit electric-arc, high-voltage or EMI shielding context; antistatic property alone is explicitly excluded (rule 8). || hivis: Category source group mentions hi-vis warp knit for safety jackets, but no fluorescent color, EN ISO 20471 certification, or explicit high-visibility warning use is stated in the product descriptions or specs, only antistatic ESD certification. || welding: No explicit welding, foundry, or molten-metal splash use stated; only generic antistatic cotton/carbon composition.";"Antistatic ESD pique workwear knit fabric || Application | Antisatic ESD Shirt || EN 1149 / EN 61340 ESD certification || Suitable for antistatic ESD applications, certified for EN ISO 1149";"";"/ariteks/fabrics/arshirt-static-pro/data/fabric-complete-record.json"
"arshirt-moda-pro";"ArShirt Moda Pro";"hivis";"92";"";"0";"Description names three distinct hazard-based user groups (welders, electrical workers, firefighters) with overlapping FR/arc/antistatic certifications, making the single secondary application choice somewhat ambiguous.";"welding: Welders are named as users but no molten-metal splash or foundry-specific evidence is given beyond generic FR/arc protection shared with electrical work; energy sector evidence is more specific via EN 61482 arc-flash class. || firefighting: Firefighters are mentioned as users but the product lacks EN 469 turnout gear certification or structural firefighting framing typical of dedicated firefighting fabrics. || military: No military, police or tactical use stated. || workwear-industrial: A more specific named sector (hivis) dominates the product positioning.";"categoryId: hi-vis || EN ISO 20471 certified || High Visibility | Done | EN ISO 20471 || categorySourceGroup: High Visible Warp Knit Fabrics for Safety Jackets";"";"/ariteks/fabrics/arshirt-moda-pro/data/fabric-complete-record.json"
"arsuprem";"ArSuprem";"workwear-industrial";"55";"";"0";"Category placement (hi-vis warp knit for safety jackets) conflicts with the product's own description as a workwear T-shirt fabric with no fluorescent/reflective properties stated, creating ambiguity between hivis and workwear-industrial as primary.";"hivis: Category source group references hi-vis warp knit for safety jackets, but the product itself is a plain vat-dyed cotton jersey with no fluorescent color, EN ISO 20471 or reflective element stated; application image label is 'High Fastness T-Shirt', suggesting it's a base-layer/T-shirt fabric rather than a certified hi-vis garment fabric. || sport: UV protection and jersey knit are present but no explicit sport or athletic use is stated.";"Application | Workwear || Vat dyed ArSuprem products can be used in the most hard working conditions || 100% cotton single jersey workwear knit fabric";"";"/ariteks/fabrics/arsuprem/data/fabric-complete-record.json"
"arsuprem-static-pro";"ArSuprem Static Pro";"workwear-industrial";"62";"";"0";"Category metadata (hi-vis warp knit safety jacket group) conflicts with the product's actual jersey knit structure and ESD-focused description, creating ambiguity about whether hi-vis certification is truly intended; human review recommended to confirm correct primary classification.";"hivis: Category and source group labels reference hi-vis warp knit safety jackets, but the actual structure is a jersey knit and no certified high-visibility standard (e.g., EN ISO 20471) or fluorescent colour is stated; evidence instead centers on ESD/antistatic use, so hivis is not clearly supported as the dominant use. || energy: Antistatic and ESD certification (EN 1149, EN 61340) alone do not establish an explicit electrical-utility or high-voltage application per rule 8/exclusion guidance. || medical: No explicit medical or healthcare use stated; antistatic property alone is insufficient.";"Application | Antisatic ESD Shirt || Suitable for antistatic ESD application, certified for EN ISO 1149 || norms: EN 1149, EN 61340, OEKO-TEX 100 || familyDescriptorEn: Antistatic workwear";"";"/ariteks/fabrics/arsuprem-static-pro/data/fabric-complete-record.json"
"arsuprem-moda-pro";"ArSuprem Moda Pro";"hivis";"92";"welding";"75";"The description lists three distinct professional user groups (welders, electrical workers, firefighters) making the secondary application choice ambiguous; welding was selected but energy or firefighting are also defensible secondary candidates.";"energy: Electrical workers and antistatic/arc-flash properties are mentioned, but this overlaps heavily with the welding evidence and only one secondary can be selected; welding is named first and more specific to the metal-processing hazard context. || firefighting: Firefighters are mentioned as users, but this appears alongside welders and electrical workers as a general list rather than a dominant firefighting-specific product framing; flame retardancy alone is insufficient per rule 9.";"categoryId: hi-vis || categorySourceGroup: High Visible Warp Knit Fabrics for Safety Jackets || EN ISO 20471 certified || High Visibility | Done | EN ISO 20471";"ArSuprem Moda Pro fabric are mostly used by welders, electrical workers and firefighters. || EN 61482 arc flash protection class 1 (4 kA) || ATPV > 7 cal/cm²";"/ariteks/fabrics/arsuprem-moda-pro/data/fabric-complete-record.json"
"arbir-su-itici";"ArBir Su İtici";"hivis";"93";"";"0";"Secondary candidate did not pass confidence threshold 70.";"workwear-industrial: Chemical resistance (EN 13034) suggests protective workwear, but the fabric's dominant stated use is hi-vis jackets/raincoats, not general industrial workwear. || military: No explicit military or police use stated. || transport: No explicit vehicle or transport-sector use stated.";"EN ISO 20471 certified || Application image labels: Orange Safety Jacket EN 20471, Yellow Safety Jacket EN 20471 || properties: hi-vis || High Visibility | Done | EN ISO 20471";"";"/ariteks/fabrics/arbir-su-itici/data/fabric-complete-record.json"
"arbir-su-itici-su-gecirmez";"ArBir Su İtici/Su Geçirmez";"hivis";"90";"";"0";"Secondary candidate did not pass confidence threshold 70.";"workwear-industrial: Chemical resistance (EN 13034) suggests industrial protective use, but no explicit general workwear framing dominates over the more specific hi-vis and raincoat uses. || transport: No explicit vehicle or vessel use stated; waterproof outerwear alone does not imply transport. || energy: No explicit electrical/utility sector use stated; only generic chemical resistance property present.";"EN ISO 20471 certified || Property: hi-vis || applicationImageLabels: Orange Safety Jacket EN 20471 || High Visibility | Done | EN ISO 20471";"";"/ariteks/fabrics/arbir-su-itici-su-gecirmez/data/fabric-complete-record.json"
"arbir-200";"ArBir 200";"hivis";"96";"";"0";"Secondary candidate did not pass confidence threshold 70.";"welding: EN 13034 chemical protection present but no explicit welding or metallurgy use stated. || transport: No explicit vehicle or transport-worker use stated beyond generic safety clothing. || workwear-industrial: Product is specifically positioned as certified hi-vis safety clothing rather than generic industrial workwear.";"EN ISO 20471 certified. || High Visibility | Done | EN ISO 20471 || specLine: High Visible, Woven Like Knit Fabric || Neon dyed fabrics...they shine more than other objects || Application | Raincoat, Jacket, Parka";"";"/ariteks/fabrics/arbir-200/data/fabric-complete-record.json"
"arwowear-t20-static-pro";"ArWoWear T20 Static Pro Pro";"workwear-industrial";"70";"";"0";"Primary application retained, but confidence 70 is below review threshold 80.";"welding: No explicit welding, foundry or metal-splash use stated; only antistatic/FR-adjacent properties are present. || hivis: No fluorescent color or EN ISO 20471 certification stated. || medical: No medical or healthcare use mentioned.";"Application | Coveralls || Antistatic workwear fabric || 260 g/m², 79% Cotton 20% Polyester 1% Carbon, Antistatic, 3/1S Twill Fabric";"";"/ariteks/fabrics/arwowear-t20-static-pro/data/fabric-complete-record.json"
"arwowear-t11-static-pro";"ArWoWear T11 Static Pro";"workwear-industrial";"65";"";"0";"Primary application retained, but confidence 65 is below review threshold 80.";"welding: No explicit welding, foundry or molten metal use stated; only antistatic FR-adjacent properties are mentioned. || transport: No vehicle, rail or transport-specific use is stated in the source.";"Application | Coveralls || categorySourceGroup: Antistatic Twill Workwear Fabrics || suitable to use on electronic industry where static electric formation is a problem";"";"/ariteks/fabrics/arwowear-t11-static-pro/data/fabric-complete-record.json"
"arwowear-t2-static-pro";"ArWoWear T2 Static Pro";"workwear-industrial";"72";"";"0";"Primary application retained, but confidence 72 is below review threshold 80.";"welding: No explicit welding, foundry or metal-splash use stated; only antistatic/electronics and oil & gas contexts are mentioned. || hivis: No certified high-visibility warning garment claim; product is a base antistatic twill, not a fluorescent/reflective safety garment.";"Application | Coveralls || ArWoWear T2 Static Pro is 245 g/m², 99% cotton 1% carbon workwear antistatic twill fabric. || categorySourceGroup: Antistatic Twill Workwear Fabrics";"";"/ariteks/fabrics/arwowear-t2-static-pro/data/fabric-complete-record.json"
"arwowear-t4-static-pro";"ArWoWear T4 Static Pro";"workwear-industrial";"65";"";"0";"Primary application retained, but confidence 65 is below review threshold 80.";"welding: No explicit welding, foundry or metal-splash use is stated; only antistatic property applies. || medical: No medical or healthcare use is mentioned; electronic industry reference does not equate to medical.";"Application | Coveralls || durable workwear antistatic twill fabric || Antistatic Twill Workwear Fabrics category";"";"/ariteks/fabrics/arwowear-t4-static-pro/data/fabric-complete-record.json"
"arwowear-t21-static-pro";"ArWoWear T21 Static Pro Pro";"workwear-industrial";"62";"";"0";"Ambiguity between workwear-industrial and energy sector classification since the fabric's primary application field says 'Coveralls' (generic workwear) but description explicitly cites oil-and-gas and electronic-industry static-explosion prevention, which could be interpreted as either sector depending on taxonomy strictness.";"welding: No explicit welding, foundry or metal-splash use stated; only generic antistatic workwear context. || military: No explicit military, police or uniformed-service application stated.";"Application | Coveralls || Oil and gas industry platform workers can also use it to prevent static electric related explosions on dangerous area. || Heavy weight 330 g/m² antistatic workwear fabric";"";"/ariteks/fabrics/arwowear-t21-static-pro/data/fabric-complete-record.json"
"arwowear-t1-flame-pro";"ArWoWear T1 Flame Pro";"workwear-industrial";"72";"";"0";"Primary application retained, but confidence 72 is below review threshold 80.";"firefighting: Only generic FR certification and lining use; no explicit firefighter/turnout gear statement. || welding: No explicit welding, foundry or metal-splash use stated. || military: No explicit military/police/tactical use stated.";"Application | Flame Retardant Coveralls || categorySourceGroup: Flame Retardant, Vat Dyed, Workwear Fabrics Resistant up to 100 Wash || It is mostly used as flame retardant lining. || EN ISO 11612 certification";"";"/ariteks/fabrics/arwowear-t1-flame-pro/data/fabric-complete-record.json"
"arwowear-t2-flame-pro";"ArWoWear T2 Flame Pro";"welding";"85";"";"0";"Secondary candidate did not pass confidence threshold 70.";"workwear-industrial: General FR workwear framing exists but narrower welding and energy hazard certifications dominate the product's clearest stated use. || firefighting: EN ISO 11612 flame/heat protection is present but this is general industrial FR standard, not explicit firefighter turnout gear wording. || military: No explicit military, police, or uniformed-service wording present.";"Welding Protection | Yes | EN ISO 11611 || norms include EN ISO 11611 || properties include molten-metal || Application | Flame Retardant Coveralls";"";"/ariteks/fabrics/arwowear-t2-flame-pro/data/fabric-complete-record.json"
"arwowear-t13-flame-pro";"ArWoWear T13 Flame Pro";"welding";"92";"";"0";"Secondary candidate did not pass confidence threshold 70.";"energy: Arc protection (EN 61482, ATPV) is present but no explicit statement of electrical utility or energy-sector use, only a property-level certification. || transport: Mention of shipyard context relates to welding occupation, not vehicle/vessel transport use. || firefighting: No explicit firefighting or turnout gear reference despite FR properties.";"EN ISO 11611 certification (Welding Protection: Yes) || molten-metal property || Suitable for shipyard welders in cold climates || Application | Flame Retardant Coveralls";"";"/ariteks/fabrics/arwowear-t13-flame-pro/data/fabric-complete-record.json"
"arwowear-t20-flame-pro";"ArWoWear T20 Flame Pro";"welding";"85";"";"0";"Secondary candidate did not pass confidence threshold 70.";"energy: Electric-arc protection (EN 61482) is present but is a property/hazard rating rather than an explicit statement of electrical utility/high-voltage sector use. || firefighting: EN ISO 11612 is generic flame/heat protection certification, not explicit firefighter turnout gear use.";"Welding Protection | Yes | EN ISO 11611 || norms include EN ISO 11611 || properties include molten-metal || Arc Protection | Class 1 (4kA) | EN ISO 61482-1-2";"";"/ariteks/fabrics/arwowear-t20-flame-pro/data/fabric-complete-record.json"
"arwowear-t12-flame-pro";"ArWoWear T12 Flame Pro";"welding";"95";"";"0";"Secondary candidate did not pass confidence threshold 70.";"firefighting: EN ISO 11612 flame/heat certification present but no explicit firefighting or turnout gear use stated. || energy: Arc protection (EN 61482) and ATPV rating present, but no explicit electrical utility or high-voltage sector use stated; arc-flash rating alone insufficient. || transport: Shipyard reference relates to welder work location, not vessel/vehicle transport use of the fabric.";"Welding Protection | Yes | EN ISO 11611 || Suitable for shipyard welders in cold climates. || molten-metal property listed || Application | Flame Retardant Coveralls";"";"/ariteks/fabrics/arwowear-t12-flame-pro/data/fabric-complete-record.json"
"arwowear-t21-flame-pro";"ArWoWear T21 Flame Pro";"welding";"88";"";"0";"Secondary candidate did not pass confidence threshold 70.";"firefighting: Certified to EN ISO 11612 for flame/heat protection, but no explicit statement of firefighter or turnout-gear use; this is a generic FR workwear standard, not sufficient alone per rule 9. || workwear-industrial: While the fabric is general FR workwear, the explicit welding and arc-flash certifications point to a more specific named sector, making welding the more direct primary application. || military: No explicit military, police or uniformed-service use is stated in the product data.";"Welding Protection | Yes | EN ISO 11611 || Application | Flame Retardant Coveralls || properties: molten-metal || norms: EN ISO 11611";"";"/ariteks/fabrics/arwowear-t21-flame-pro/data/fabric-complete-record.json"
"arwowear-t11-flame-pro";"ArWoWear T11 Flame Pro";"workwear-industrial";"62";"welding";"70";"Product carries three overlapping protective certifications (welding, arc, general FR) without a single dominant explicit end-use statement, making the primary/secondary split between workwear-industrial, welding and energy somewhat ambiguous.";"energy: EN 61482 arc rating is present but no explicit statement of electrical utility or high-voltage work context beyond the certification itself, making it weaker than the explicit welding statement. || firefighting: EN ISO 11612 is a general heat/flame protection standard, not the firefighter-specific EN 469, and no firefighting use is explicitly stated. || military: No explicit military, police or uniformed-service reference in the product data.";"Application | Flame Retardant Coveralls || Flame retardant, vat dyed, workwear fabrics resistant up to 100 wash || categorySourceGroup: Flame Retardant, Vat Dyed, Workwear Fabrics";"Welding Protection | Yes | EN ISO 11611 || molten-metal property listed || EN ISO 11611 certification icon";"/ariteks/fabrics/arwowear-t11-flame-pro/data/fabric-complete-record.json"
"arwowear-t30-flame-pro";"ArWoWear T30 Flame Pro";"welding";"85";"";"0";"Secondary candidate did not pass confidence threshold 70.";"energy: Arc protection (EN 61482) is present but no explicit electrical utility or energy-sector use stated; arc protection here is tied to welding hazard, not electrical work. || firefighting: EN ISO 11612 covers general flame/heat protection, not specifically firefighter turnout gear; no firefighting-specific claim.";"Welding Protection | Yes | EN ISO 11611 || norms include EN ISO 11611 || properties include molten-metal || Arc Protection | Class 1 (4kA) | EN ISO 61482-1-2";"";"/ariteks/fabrics/arwowear-t30-flame-pro/data/fabric-complete-record.json"
"arwowear-t1-flame-arc-pro";"ArWoWear T1 Flame Arc Pro";"workwear-industrial";"72";"";"0";"Primary application retained, but confidence 72 is below review threshold 80.";"energy: Antistatic (EN 1149-5) property alone does not establish explicit energy-sector use per rule 8 and application exclude notes. || welding: FR property alone does not establish welding/metallurgy use; no explicit mention of welding or foundry. || firefighting: EN ISO 11612 is a heat/flame protection standard but not specific to firefighter turnout gear; no explicit firefighting context.";"Application | Flame Retardant Shirt || categoryNameEn: FR antistatic workwear || Flame retardant, antistatic workwear fabric with EN ISO 11612 and EN 1149-5 certification";"";"/ariteks/fabrics/arwowear-t1-flame-arc-pro/data/fabric-complete-record.json"
"arwowear-t0-flame-arc-pro";"ArWoWear T0 Flame Arc Pro";"workwear-industrial";"72";"";"0";"Primary application retained, but confidence 72 is below review threshold 80.";"energy: Antistatic/EN1149 property present but no explicit electrical utility or high-voltage use stated. || welding: FR cotton could suit metalworking but no explicit welding/foundry use stated. || firefighting: FR certification alone does not indicate firefighter turnout gear; no explicit firefighting use.";"categorySourceGroup: Flame Retardant, Antistatic, Vat Dyed, Workwear Fabrics Resistant up to 100 Wash || Application | Flame Retardant Shirt || EN ISO 11612, EN ISO 14116, EN 1149 certifications for FR/antistatic protective clothing";"";"/ariteks/fabrics/arwowear-t0-flame-arc-pro/data/fabric-complete-record.json"
"arwowear-t11-flame-arc-pro";"ArWoWear T11 Flame Arc Pro";"energy";"80";"welding";"75";"Both EN ISO 11611 (welding) and EN 61482 (energy/arc) are explicitly and strongly certified, making the choice between primary and secondary somewhat ambiguous.";"firefighting: EN ISO 11612 flame/heat protection is present but no explicit firefighter or turnout-gear use is stated. || military: No explicit military or uniformed-service application stated despite protective workwear nature. || workwear-industrial: More specific named sectors (energy, welding) are explicitly supported, making generic workwear classification less precise.";"Protection against thermal hazards of electrical arc. (EN 61482-1-2) || Arc Protection | Class 1 (4kA) | EN ISO 61482-1-2 || ATPV > 15 cal/cm² || Product name 'Flame Arc Pro' emphasizes arc protection";"Welding Protection | Yes | EN ISO 11611 || EN ISO 11611 certification";"/ariteks/fabrics/arwowear-t11-flame-arc-pro/data/fabric-complete-record.json"
"aramid-d0-150";"Aramid D0 150";"military";"72";"";"0";"Multiple explicit end uses (military, firefighting, oil & gas/energy) are stated with roughly comparable prominence, so the choice of primary vs secondary involves some judgment.";"energy: Oil and gas workers are mentioned but this is a generic industrial worker reference without dedicated electrical/energy-sector framing beyond antistatic property, which alone is insufficient per rules. || welding: EN ISO 11611 welding standard is listed but no explicit welding, foundry or metal-splash use is stated in the descriptions; only the certification appears. || workwear-industrial: A more specific and directly named sector (military pilot costumes, firefighters) dominates over generic industrial workwear framing.";"for firefighters, military pilot costumes, oil and gas industry workers. || Application | Pilot Costumes || Aramid Flight Suit (application image label)";"";"/ariteks/fabrics/aramid-d0-150/data/fabric-complete-record.json"
"aramid-d3-200";"Aramid D3 200";"firefighting";"95";"";"0";"Secondary candidate did not pass confidence threshold 70.";"energy: Antistatic and arc protection properties exist but no explicit statement ties the fabric to electrical utility or energy sector use. || welding: No explicit mention of welding, foundry or molten metal splash use despite FR and heat protection properties. || military: No explicit military, police or tactical application stated.";"technicalParameters: 'Application | Firefighters Costumes' || norms include EN 469 || applicationImageLabels: 'Aramid Firefighter Turnout Gear' || technicalParameters: 'Firefighters | Yes | EN ISO 469'";"";"/ariteks/fabrics/aramid-d3-200/data/fabric-complete-record.json"
"aramid-d1-210";"Aramid D1 210";"firefighting";"72";"";"0";"Fabric has multiple strongly certified end uses (firefighting, welding, energy/arc) and only one secondary application can be recorded, so human review is advisable to confirm the most commercially dominant pairing.";"energy: Arc-flash certification (EN 61482) and an 'Arc Suit for Electrical Distribution' image label support energy sector use, but this is secondary to the more directly named firefighting and welding applications; only one secondary slot is allowed. || workwear-industrial: Oil and gas coverall mention suggests general industrial workwear, but narrower named sectors (firefighting, welding) dominate the explicit evidence. || military: No explicit military, police or tactical use stated anywhere in the source data.";"Application | Firefighters Costumes || for wildland firefighters, oil and gas industry workers. || Forest Firefighters | Yes | EN ISO 15614 || Inherent flame retardant fabric with EN ISO 11612 and EN ISO 11611 certification.";"";"/ariteks/fabrics/aramid-d1-210/data/fabric-complete-record.json"
"arox-t1-static-pro";"Arox T1 Static Pro";"workwear-industrial";"72";"";"0";"Primary application retained, but confidence 72 is below review threshold 80.";"energy: Antistatic property alone does not establish energy-sector use per rule 8; no explicit electrical utility or high-voltage context stated. || medical: Cleanroom mention is generic and not explicitly tied to healthcare/medical use.";"Antistatic ESD workwear twill fabric || Mostly used for clean room's cloths || Suitable for antistatic ESD application like electronic industry || EN 1149 || Category source group: Polyester Woven Fabrics for Raincoats, Jackets and Coveralls";"";"/ariteks/fabrics/arox-t1-static-pro/data/fabric-complete-record.json"
"arox-t2-static-pro";"Arox T2 Static Pro";"workwear-industrial";"68";"";"0";"Primary application retained, but confidence 68 is below review threshold 80.";"energy: Antistatic ESD property alone does not establish energy-sector use per rule 8; no electrical utility or high-voltage context stated. || medical: Cleanroom mention is generic, not explicitly healthcare/hospital use.";"99% polyester 1% carbon, antistatic ESD workwear twill fabric. || Suitable for antistatic ESD application like electronic industry, certified for EN ISO 1149-5. || categorySourceGroup: Polyester Woven Fabrics for Raincoats, Jackets and Coveralls";"";"/ariteks/fabrics/arox-t2-static-pro/data/fabric-complete-record.json"
"arox-t4-wr-wp";"Arox T4 WR/WP";"hivis";"93";"";"0";"Secondary candidate did not pass confidence threshold 70.";"energy: Antistatic property and EN 1149 present but no explicit electrical/utility use stated. || welding: Chemical resistance and EN 13034 mentioned but no explicit welding/foundry/metal-processing use. || workwear-industrial: General workwear use is superseded by the more specific hi-vis and outdoor apparel applications explicitly stated.";"properties: hi-vis || norms: EN ISO 20471 || applicationImageLabels: Safety Jacket EN 20471 || Application | Hi Vis Raincoats";"";"/ariteks/fabrics/arox-t4-wr-wp/data/fabric-complete-record.json"
"arox-t5-multi";"Arox T5 Multi";"hivis";"93";"";"0";"Secondary candidate did not pass confidence threshold 70.";"outdoor-functional: Jackets, trousers and bodywarmers are mentioned, but the certified safety/hi-vis use is more dominant and specific than generic outdoor apparel. || firefighting: EN ISO 14116 flame retardant certification present but no explicit firefighter or turnout gear statement. || energy: EN 1149 antistatic certification present but no explicit electrical utility or high-voltage use stated. || welding: Inherent FR and chemical resistance present but no explicit welding or metal-splash use stated.";"properties: hi-vis || norms: EN ISO 20471 || applicationImageLabels: 'FR, waterproof, Safety Jacket EN 20471' || Application | Hi Vis Raincoats";"";"/ariteks/fabrics/arox-t5-multi/data/fabric-complete-record.json"
"argiyim-290";"ArGiyim 290";"hivis";"96";"";"0";"Secondary candidate did not pass confidence threshold 70.";"welding: Chemical resistance and EN 13034 relate to chemical protection, not explicit welding, foundry or metal-processing use. || military: No explicit military, police or tactical use stated in the product data. || energy: EMI property present but no explicit electrical/high-voltage utility use stated; EN 1149/EMI alone insufficient.";"EN ISO 20471 certification || High Visibility | Done | EN ISO 20471 || used for heavy outdoor jackets, safety jackets, pans and trousers || High Visible Water Repellent Satin Fabric";"";"/ariteks/fabrics/argiyim-290/data/fabric-complete-record.json"
"argiyim-245";"ArGiyim 245";"hivis";"95";"";"0";"Secondary candidate did not pass confidence threshold 70.";"energy: Antistatic and EMI properties present but no explicit electrical/high-voltage utility use stated. || welding: Chemical resistance and FR properties present but no explicit welding or metallurgy use stated. || outdoor-functional: Outdoor jackets mentioned but the certified hi-vis safety use is more dominant and specific.";"Property: hi-vis || Norms: EN ISO 20471 || descriptions: 'Certified for EN ISO 20471 and for EN 13034' || titleDescriptor: High Visible Water Repellent Twill Fabric || applicationImageLabels: Polycotton pan, Polycotton jacket";"";"/ariteks/fabrics/argiyim-245/data/fabric-complete-record.json"
"argiyim-245-static-pro";"ArGiyim 245 Static Pro";"hivis";"90";"";"0";"Secondary candidate did not pass confidence threshold 70.";"energy: Antistatic and EMI properties present but no explicit statement of electrical utility or high-voltage work use, per exclusion rule. || medical: Clean room mention suggests industrial cleanroom use, not explicit medical/healthcare context.";"norms includes EN ISO 20471 || functionIconLabels: EN 20471 || technicalParameters: High Visibility | Done | EN ISO 20471 || technicalParameters: Application | Hi Vis Antistatic Pans || applicationImageLabels: Polycotton antistatic jacket, Polycotton antistatic suit";"";"/ariteks/fabrics/argiyim-245-static-pro/data/fabric-complete-record.json"
"argiyim-sultan";"ArGiyim Sultan";"hivis";"90";"";"0";"Secondary candidate did not pass confidence threshold 70.";"energy: Arc protection and antistatic certifications are present but no explicit electrical-utility or high-voltage sector use is stated; property alone is insufficient per rules. || welding: No explicit welding, foundry or metal-splash use stated despite FR and chemical resistance. || firefighting: EN ISO 11612 present but no explicit firefighter turnout gear use stated.";"Certified for EN ISO 20471 || High Visibility | Done | EN ISO 20471 || titleDescriptor: High Visible... Satin Fabric || Application | Hi Vis Pans || Description: used for outdoor jackets, safety jackets, pans and trousers";"";"/ariteks/fabrics/argiyim-sultan/data/fabric-complete-record.json"
"argiyim-ic";"ArGiyim Ic";"hivis";"95";"";"0";"Secondary candidate did not pass confidence threshold 70.";"energy: Arc and antistatic properties present but no explicit statement of electrical/energy sector use. || firefighting: FR certification present but product framed as hi-vis t-shirt fabric, not firefighter turnout gear. || welding: FR and chemical protection present but no explicit welding/metallurgy use stated.";"titleDescriptor: '50% Polyester 50% Cotton PolyCotton High Visible Needle Drop Knit Fabric' || norms includes 'EN ISO 20471' || technicalParameters: 'Application | Hi Vis T-Shirts' || applicationImageLabels: 'Double face needle drop interlock high visible orange t-shirt'";"";"/ariteks/fabrics/argiyim-ic/data/fabric-complete-record.json"
"arshirt-aramid-vis";"ArShirt Aramid Vis";"energy";"85";"";"0";"Secondary candidate did not pass confidence threshold 70.";"workwear-industrial: Two specific named sectors (electrical workers, firefighters) dominate the description, making generic industrial workwear too broad and less specific. || welding: No explicit mention of welding, foundry or molten metal use; only FR and arc protection are cited, which map to energy/firefighting instead.";"ArShirt Aramid Vis fabric are mostly used by electrical workers and firefighters. || It provides arc flash protection with EN 61482 class 1 (4 kA) certification. || Antistatic | Done | EN ISO 1149-5";"";"/ariteks/fabrics/arshirt-aramid-vis/data/fabric-complete-record.json"
"aramid-vis-250";"Aramid Vis 250";"workwear-industrial";"72";"";"0";"Product data contains competing explicit signals (oil and gas workwear vs. firefighter costume application) without a single dominant framing, requiring human confirmation of primary/secondary split.";"energy: Oil and gas industry reference is present but the product is framed as general protective workwear rather than a utility/electrical energy sector application; antistatic/arc properties alone are insufficient per rules. || welding: No explicit welding, foundry or metal-splash use stated despite FR and heat protection properties. || military: No explicit military or uniformed-service reference in the product data.";"for oil and gas industry workers. || With viscose fr content is suitable to use in outdoor very hot climates. || Resistant to most industrial chemicals. (EN ISO 13034) || Inherent flame retardant fabric with EN ISO 11612 certification. || categorySourceGroup: Inherent Flame Retardant Aramid Viscose Fr Woven Workwear Fabrics";"";"/ariteks/fabrics/aramid-vis-250/data/fabric-complete-record.json"
"aramid-vis-150";"Aramid Vis 150";"firefighting";"75";"";"0";"Multiple explicit hazard-related uses (firefighting lining, oil and gas workers, welding standard, hi-vis certification) are present in the same source, requiring judgment on which are genuine end uses versus supporting standards.";"welding: EN ISO 11611 certification is present but no explicit welding, foundry or molten-metal use case is stated beyond the standard itself. || hivis: Hi-vis is listed as a property with EN ISO 20471 certification, but no explicit high-visibility garment end-use description is given; secondary slot already filled by an independently stated use. || military: Pilot Costumes parameter is ambiguous and does not explicitly state military, police or uniformed-service use. || transport: No explicit vehicle, aircraft or vessel use is stated; 'Pilot Costumes' is too ambiguous to support transport.";"for firefighters cloth inside lining, oil and gas industry workers. || Firefighter lining viscose fr (application image label) || Inherent flame retardant fabric with EN ISO 11612 certification";"";"/ariteks/fabrics/aramid-vis-150/data/fabric-complete-record.json"
"aramid-d1-210-denim";"Aramid D1 210 Denim";"energy";"90";"";"0";"Secondary candidate did not pass confidence threshold 70.";"workwear-industrial: General industrial workwear is too broad given the explicit named electrical/oil & gas and welding sectors. || military: No military or uniformed-service use stated. || firefighting: No firefighter-specific use stated; FR properties alone are insufficient.";"for electricity distribution companies and oil and gas industry workers. || Application | Electricity distribution || Protection against thermal hazards of electrical arc. (EN 61482-1-2) || Arc Protection | Class 1 (4kA) | EN ISO 61482-1-2 || Denim Class1 Arc Suit";"";"/ariteks/fabrics/aramid-d1-210-denim/data/fabric-complete-record.json"
"aramid-d50-pike";"Aramid D50 Pike";"workwear-industrial";"72";"";"0";"Primary application retained, but confidence 72 is below review threshold 80.";"energy: Arc-flash and antistatic certifications present but no explicit tie to electrical utility or high-voltage sector. || firefighting: FR and heat protection standards present but no explicit firefighter/turnout-gear statement. || welding: No explicit welding, foundry or metallurgy use stated despite heat/FR properties. || military: No military, police or tactical use mentioned.";"Inherent Flame Retardant Aramid Knit Workwear Fabrics || Application | Flame Retardant Universal T-Shirt || universal flame retardant knit fabric for many applications || EN ISO 11612 || EN 1149 || EN 61482";"";"/ariteks/fabrics/aramid-d50-pike/data/fabric-complete-record.json"
"arwowear-330-moda-pro-el";"ArWoWear 330 Moda Pro El";"energy";"78";"";"0";"Two explicit end uses (electrical workers and military) are stated with similar phrasing, requiring judgment on which is primary versus secondary.";"hivis: EN ISO 20471 certification and hi-vis property listed, but no explicit garment or safety-warning use context beyond the standard reference. || welding: FR and antistatic properties could theoretically apply to metalworking, but no explicit welding, foundry or metallurgy use is stated. || workwear-industrial: General workwear fits the FR coverall application field, but explicit narrower sectors (energy, military) are directly stated, making this less specific.";"ArWoWear 330 Moda Pro El fabric is mostly used by electrical workers and miltary applications. || It provides arc flash protection with EN 61482 class 1 (4 kA) certification. || Suitable for antistatic application, certified for EN ISO 1149. || Application | Flame Retardant Coveralls";"";"/ariteks/fabrics/arwowear-330-moda-pro-el/data/fabric-complete-record.json"
"ard3e3";"ArD3E3";"welding";"93";"";"0";"Secondary candidate did not pass confidence threshold 70.";"hivis: EN ISO 20471 certification and hi-vis tag present, but the product's core described use and category are molten metal/welding protection, not warning visibility. || medical: Chemical resistance certification exists but no explicit medical or healthcare use is stated. || military: No explicit military or uniformed-service use stated. || workwear-industrial: More specific welding/molten-metal application is directly supported and takes precedence.";"categoryId: molten-metal || EN ISO 11611 Welding Protection: Yes || EN ISO 11612 D3 E3 || Application | Hot metal protective clothing || used to make jacket and trousers for hot metal, steel and aluminum industries || Resistant to hot metal splash around 1500'C degrees";"";"/ariteks/fabrics/ard3e3/data/fabric-complete-record.json"
"ar3iplik-moda-pro";"Ar3İplik Moda Pro";"hivis";"85";"";"0";"Secondary candidate did not pass confidence threshold 70.";"energy: Arc protection and oil/gas mention exist, but no explicit electrical utility or high-voltage installation use is stated; antistatic/arc alone is insufficient per rules. || welding: No explicit welding, foundry or metal-processing use stated despite FR and antistatic properties. || medical: No explicit medical or healthcare use stated.";"properties: hi-vis || norms: EN ISO 20471 || technicalParameters: High Visibility | Done | EN ISO 20471 || functionIconLabels: EN 20471";"";"/ariteks/fabrics/ar3iplik-moda-pro/data/fabric-complete-record.json"
"arwowear-t4-emk";"ArWoWear T4 EMK";"energy";"88";"";"0";"Secondary candidate did not pass confidence threshold 70.";"medical: Only a brief, uncertified mention of 'anti-stress and pain reducer bandages' without further medical framing or standards. || architecture-building: Mention of shielding 'for walls' does not describe an architectural/building system or structural membrane use.";"Category source group: 'Fabrics for Emi shielding, anti-radar, antistress, high voltage protection.' || ""Another application is conductive clothing for live line workers..."" || ""Arox T4 Antibac is certfied as IEC 60895 for line workers clothing."" || Technical parameter: 'Line Workers | Done | IEC 60895'";"";"/ariteks/fabrics/arwowear-t4-emk/data/fabric-complete-record.json"
"arshirt-emk";"ArShirt EMK";"energy";"88";"";"0";"Secondary candidate did not pass confidence threshold 70.";"medical: Mentions of baby cloth, anti-stress and pain reducer bandages are generic wellness references without explicit medical/healthcare product framing. || architecture-building: EMI shielding for walls is mentioned but not framed as a formal architectural/building system product.";"Certified as IEC 60895 for line workers clothing || Conductive clothing for live line workers, high voltage protection || categorySourceGroup: Fabrics for Emi shielding, anti-radar, antistress, high voltage protection || Application | Faraday Cage Suits";"";"/ariteks/fabrics/arshirt-emk/data/fabric-complete-record.json"
"arof";"Arof";"sport";"85";"";"0";"Secondary candidate did not pass confidence threshold 70.";"outdoor-functional: No explicit outdoor/leisure use stated; track suit context is sport-specific. || workwear-industrial: No general industrial workwear use stated; product is a sport/military track suit fabric.";"It is mostly used as sport suits for runners and soldiers. || Track Suit Fabric || applicationImageLabels: Track Suit";"";"/ariteks/fabrics/arof/data/fabric-complete-record.json"
"arsport-x";"ArSport X";"hivis";"90";"";"0";"Secondary candidate did not pass confidence threshold 70.";"sport: Family name 'ArSport' and 'Sports knits' descriptor suggest sport styling, but the stated application is explicitly 'Workwear T-Shirt', not athletic sportswear. || energy: No electrical, arc-flash or utility use stated; only hi-vis certification present.";"Property: hi-vis || Norms: EN ISO 20471 || descriptions: 'It has also high visibility option. (EN 20471 certified)' || technicalParameters: High Visibility | Done | EN ISO 20471";"";"/ariteks/fabrics/arsport-x/data/fabric-complete-record.json"
"arhard-mesh";"ArHard Mesh";"military";"96";"";"0";"Secondary candidate did not pass confidence threshold 70.";"workwear-industrial: No generic industrial workwear use stated; military tactical vest is more specific and explicit. || sport: No sport or athletic use mentioned; mesh is for tactical and furniture use only.";"Title: 'Mesh Fabric for Military Tactical Vest' || Description: 'The main application is for tactical vest.' || technicalParameters: 'Application | Military Tactical Vest' || applicationImageLabels: ['Tactical Vest 1','Tactical Vest 2','Tactical Vest 3']";"";"/ariteks/fabrics/arhard-mesh/data/fabric-complete-record.json"
"arhard-mesh-300";"ArHard Mesh 300";"upholstery-interiors";"80";"";"0";"The 'military' reference is limited to a brief 'Military Bag' application note and a descriptive adjective, without further detail on tactical or uniformed-service use, making the secondary classification moderately uncertain.";"transport: No vehicle or vessel context is mentioned; upholstery use is for office furniture, not transport interiors. || workwear-industrial: No general workwear or industrial garment use is stated.";"Upholstery Mesh Fabric || It can be used as upholstery mesh for office furniture. || applicationImageLabels: Office Chair Fabric";"";"/ariteks/fabrics/arhard-mesh-300/data/fabric-complete-record.json"
"arof-mesh-2-2";"Arof Mesh 2*2";"outdoor-functional";"55";"";"0";"Product lists multiple distinct end uses (bag, parka interlining, raincoat, car seat cover) without a clearly dominant single application, requiring human judgment on the most central use.";"upholstery-interiors: The upholstery use stated is specifically for car seats, which falls under transport rather than generic furniture upholstery. || sport: Category is tracksuit/light mesh but no explicit sportswear end use is stated; descriptions focus on bags, parkas, raincoats and car seats instead. || footwear-components: No footwear use mentioned in the product data.";"It can be used as a bag's side pocket, parka interlining, raincoat back fabric and car seat's back cover. || Application | Mesh for Bag, Car Seat, Raincoat";"";"/ariteks/fabrics/arof-mesh-2-2/data/fabric-complete-record.json"
"arsport-dry";"ArSport Dry";"sport";"75";"hivis";"80";"Product data mixes sport (team uniform) framing with explicit hi-vis certification and a police-uniform application field, creating ambiguity about whether military/police should be primary instead of sport.";"military: Police Uniform is stated as an application field, but the product's core design and family framing is sportswear (team uniforms), not specifically uniformed-service tactical gear. || medical: Antibacterial coating is present but no medical or healthcare end use is stated. || workwear-industrial: No general industrial workwear use is stated; product is framed as sports/team uniform fabric.";"family: ArSport - Sports knits || descriptions: 'interlock knit fabric for team uniforms' || categorySourceGroup: Functional knit interlock polyester fabrics";"properties: ['hi-vis'] || norms: ['EN ISO 20471'] || technicalParameters: 'High Visible | Yes | EN 20471'";"/ariteks/fabrics/arsport-dry/data/fabric-complete-record.json"
"ariripstop";"AriRipstop";"outdoor-functional";"80";"";"0";"Secondary candidate did not pass confidence threshold 70.";"military: Ripstop weave is associated with military garments but no explicit military, police or tactical use is stated in the product data. || sport: Stretch property alone does not indicate athletic or sport-specific use; no explicit sportswear application is stated.";"It is used mostly for outdoor wear as pants. || Category: Ripstop & outdoor denim || familyDescriptorEn: Denim and ripstop for outdoor wear";"";"/ariteks/fabrics/ariripstop/data/fabric-complete-record.json"
"ariripstop-el";"AriRipstop El";"outdoor-functional";"85";"";"0";"Secondary candidate did not pass confidence threshold 70.";"military: No explicit military, tactical or uniformed-service use is stated. || sport: No explicit athletic or sport use is mentioned despite stretch property. || footwear-components: No footwear-related use is mentioned.";"It is used mostly for outdoor wear as pants. || AriRipstop can also be used for workear stretchable raincoats. || Application | Outdoor Elastic Pants";"";"/ariteks/fabrics/ariripstop-el/data/fabric-complete-record.json"
"argiyim-knit-knife-pro";"ArGiyim Knit Knife Pro";"motorcycle";"90";"";"0";"Secondary candidate did not pass confidence threshold 70.";"military: No explicit military, police or tactical use stated; only theoretical suitability due to aramid cut resistance.";"100% p-Aramid jersey knit fabric for motorcyclist linings. || Application | Motorcyclist lining";"";"/ariteks/fabrics/argiyim-knit-knife-pro/data/fabric-complete-record.json"
"argiyim-denim-kursun-ck";"ArGiyim Denim Kursun CK";"workwear-industrial";"75";"";"0";"Primary application retained, but confidence 75 is below review threshold 80.";"military: No explicit military, police or tactical use stated; only cut-resistance and abrasion properties mentioned. || transport: No vehicle or vessel specific use mentioned beyond personal motorcyclist protective norm.";"Application | Sandblasting Cloth || fabric for sandblasting suits || Abraison Resistant || ArGiyim Denim Kursun CK can be used on abraison resistant cloths";"";"/ariteks/fabrics/argiyim-denim-kursun-ck/data/fabric-complete-record.json"
"arcadir-520";"ArCadır 520";"military";"95";"";"0";"Secondary candidate did not pass confidence threshold 70.";"architecture-building: Tents here are portable shelter fabrics for disaster/military use, not structural architectural membranes or building systems. || workwear-industrial: No workwear or industrial garment use is stated; this is a tent fabric, not apparel.";"It is used as military and disaster tent application. || Application | Miltary Tents || applicationImageLabels: Military Tent, Miltary Tent, Refugee Canvas Tent";"";"/ariteks/fabrics/arcadir-520/data/fabric-complete-record.json"
"ardolu";"ArDolu";"hivis";"92";"";"0";"Secondary candidate did not pass confidence threshold 70.";"transport: No explicit vehicle, transit-worker, or transport-sector use stated; rainwear context alone does not justify transport classification. || workwear-industrial: No explicit general industrial workwear framing beyond rain jacket/parka use; hi-vis and outdoor rainwear are more specific and directly supported.";"properties: hi-vis || norms: EN ISO 20471 || High Visible | Yes | EN 20471 || applicationImageLabels: High visible orange rain jackets, High visible yellow rain jackets";"";"/ariteks/fabrics/ardolu/data/fabric-complete-record.json"
"ardoku";"ArDoku";"hivis";"90";"";"0";"Secondary candidate did not pass confidence threshold 70.";"workwear-industrial: EN 343 and winter jacket use are more specifically outdoor/functional than generic industrial workwear; hi-vis is already the dominant certified use. || energy: No explicit statement of electrical/energy sector use; only hi-vis and weather protection stated. || firefighting: EN 343 pertains to rain/cold protection for professional use, not firefighting; no explicit turnout gear reference.";"properties: hi-vis || norms: EN ISO 20471 || technicalParameters: High Visible | Yes | EN 20471 || descriptions: ArDoku is certified for EN 343 and EN 20471";"";"/ariteks/fabrics/ardoku/data/fabric-complete-record.json"
"aribez";"Ari Bez";"footwear-components";"90";"";"0";"The medical secondary application is based on a vague, brief mention without specific garment context or standards, warranting human verification.";"outdoor-functional: UV resistance and outdoor mention are not tied to a specific outdoor garment use; footwear lining and vague medical use are more directly supported. || sport: No explicit sportswear or athletic use is stated.";"It is used as a lining inside of the shoes. || Application | Lining for Shoes || AriPam spun fabrics for shoe lining";"";"/ariteks/fabrics/aribez/data/fabric-complete-record.json"
"arastar";"ArAstar";"footwear-components";"55";"";"0";"Product is a generic polyester lining fabric with only a brief mention of shoe lining use; the dominant intended application is ambiguous and weakly supported by the available evidence.";"workwear-industrial: No explicit statement of industrial or workwear-specific use; only generic garment lining is mentioned. || outdoor-functional: No mention of outdoor, rainwear, or leisure garment application.";"It can be used as a lining inside of the shoes. || Application | Lining";"";"/ariteks/fabrics/arastar/data/fabric-complete-record.json"
"ar-air-mesh-aa-150";"ArAir Mesh AA 150";"footwear-components";"72";"";"0";"The product is a multi-purpose 3D mesh fabric with several explicitly stated end uses (shoes, office upholstery, bags, medical shock absorption), making the choice between footwear and upholstery as primary somewhat ambiguous.";"medical: Mentioned only as one usage example ('shock absorber in medical') without further sector-specific detail; not the dominant use. || military: Only referenced as suitability for military shoes, which is captured under footwear-components rather than a standalone military application. || sport: Referenced as suitability for sport shoes, subsumed under footwear-components rather than a distinct sport apparel use. || transport: No vehicle or vessel context stated; upholstery use is for office furniture, not transport.";"Suitable for sport and military shoes. || Application | Upholstery, Bag, Shoes || 3d warp knitted air mesh fabric with high suspension function";"";"/ariteks/fabrics/ar-air-mesh-aa-150/data/fabric-complete-record.json"
"argun-260";"ArGun 260";"transport";"55";"";"0";"Product spans multiple stated end uses (marine, automotive, awnings, sun umbrellas, outdoor furnishing) that do not map cleanly onto a single taxonomy category, requiring human judgment on relative weighting between transport and outdoor/furnishing uses.";"architecture-building: Awnings and sun blinds are mentioned but not explicitly framed as architectural/building systems, so this does not meet the explicit-use threshold. || hivis: Hi-vis property and EN ISO 20471 norm are listed but no explicit high-visibility safety garment use is stated; the fabric's stated uses are awnings, marine, automotive and furnishing. || medical: Antibacterial property is mentioned but no medical or healthcare use is stated. || upholstery-interiors: Outdoor furnishing is mentioned but this is non-vehicle outdoor furniture use, which is less directly supported than the explicit marine/automotive transport uses and awning/outdoor uses already captured.";"for awnings, marine application, outdoor furnishing, sun umbrella, automotive and sun blinds applications || ArGun marine fabric || ArGun automotive fabric";"";"/ariteks/fabrics/argun-260/data/fabric-complete-record.json"
"arigabardin-77";"Ari Gabardin 7/7";"footwear-components";"80";"";"0";"Secondary candidate did not pass confidence threshold 70.";"workwear-industrial: No explicit statement of industrial or general workwear use beyond generic garment mentions. || sport: No explicit sport or athletic use stated.";"categorySourceGroup: AriPam spun fabrics for shoe lining || It is used as a lining inside of the shoes. || Application | Lining for Shoes";"";"/ariteks/fabrics/arigabardin-77/data/fabric-complete-record.json"
"arpo";"ArPo";"outdoor-functional";"72";"";"0";"Primary application retained, but confidence 72 is below review threshold 80.";"sport: No explicit athletic or training use stated, only general winter jacket use. || hivis: One image label mentions 'high visible yellow' but no certification or safety-standard evidence provided. || workwear-industrial: No industrial or occupational workwear context stated.";"ArPo is micro polar fabric, mostly used to make winter jackets || Application | Winter Jacket || polar fleece jacket image label";"";"/ariteks/fabrics/arpo/data/fabric-complete-record.json"
"arbayrak";"ArBayrak";"print-signage";"75";"";"0";"Primary application retained, but confidence 75 is below review threshold 80.";"hivis: No certified high-visibility garment or EN ISO 20471 use stated; it's a warning object, not clothing. || workwear-industrial: No general workwear use indicated; product is a flag/signal fabric for a specific accessory.";"100% polyester fabric for car reflective emergency warning tripod || Application | Flag for Emergency Tripod || categorySourceGroup: Fabrics For Flags || Flag fabric";"";"/ariteks/fabrics/arbayrak/data/fabric-complete-record.json"
"arseat";"ArSeat";"transport";"85";"";"0";"Secondary candidate did not pass confidence threshold 70.";"sport: 'Sport shoes' refers to footwear material use, not athletic apparel; insufficient explicit sport-garment context. || upholstery-interiors: Upholstery use is explicitly automotive (car upholstery), which falls under transport, not generic furniture interiors.";"Suitable for car upholstery and sport shoes. || Application | Car Upholstery, Shoes";"";"/ariteks/fabrics/arseat/data/fabric-complete-record.json"
"arigabardin-245";"Ari Gabardin 245";"footwear-components";"78";"";"0";"Primary application retained, but confidence 78 is below review threshold 80.";"hivis: Hi-vis property and EN ISO 20471 norm are present but the fabric is not explicitly described as a certified fluorescent warning garment; primary use is shoe lining, not certified hi-vis apparel. || workwear-industrial: Safety jackets/pants are mentioned but no explicit general industrial workwear framing beyond outdoor/safety garments, and footwear use is more directly and repeatedly stated.";"categorySourceGroup: 'AriPam spun fabrics for shoe lining' || descriptions: 'It is used as a lining inside of the shoes.' || technicalParameters: 'Application | Lining for Shoes'";"";"/ariteks/fabrics/arigabardin-245/data/fabric-complete-record.json"
"arsotina";"ArSotina";"footwear-components";"55";"";"0";"Generic lining fabric with dual use (garment and shoe lining); footwear use is explicit but garment lining use lacks a specific sector, creating ambiguity.";"workwear-industrial: No explicit workwear or industrial garment context stated, only generic garment lining.";"It can be used as a lining inside of the shoes. || ArSotina, 100% Polyester sotina fabric for garment lining.";"";"/ariteks/fabrics/arsotina/data/fabric-complete-record.json"
"ar-air-mesh-bb";"ArAir Mesh BB";"footwear-components";"55";"";"0";"Product lists many parallel, equally weighted applications (shoes, bags, office upholstery, medical, military, sport) without a clearly dominant one, making the primary/secondary split somewhat ambiguous.";"medical: Mentioned as shock absorber and EN 14683 mask certified, but this is one of several parallel uses, not the dominant one; treated as weaker evidence than footwear/upholstery. || military: Bulletproof vest and military shoe use mentioned tentatively ('possible'), not the clearest dominant use. || sport: Sport shoe suitability mentioned but subsumed under footwear-components as the more specific category per rule 13. || transport: No vehicle-specific upholstery mentioned; only office furniture, which is upholstery-interiors not transport.";"Suitable for sport and military shoes. || Application | Uphosltery, Bag, Shoes || 3D warp knitted spacer mesh with high suspension function";"";"/ariteks/fabrics/ar-air-mesh-bb/data/fabric-complete-record.json"
"ar-air-mesh-aa-250";"ArAir Mesh AA 250";"footwear-components";"78";"";"0";"Primary application retained, but confidence 78 is below review threshold 80.";"medical: Only a single incidental mention of shock absorption in medical context; not the dominant or independently developed use. || military: Mentioned only as one of several shoe end-uses (military shoes), not a standalone military product application. || sport: Mentioned only as one of several shoe end-uses (sport shoes), not a distinct sportswear application. || transport: Upholstery use is explicitly limited to office furniture, not vehicles or vessels, so transport is excluded per rule 10/12.";"Suitable for sport and military shoes. || Application | Uphosltery, Bag, Shoes || 3D Air Mesh for Shoes (application image label)";"";"/ariteks/fabrics/ar-air-mesh-aa-250/data/fabric-complete-record.json"
"arseat-touch";"ArSeat Touch";"upholstery-interiors";"62";"";"0";"The product name 'ArSeat' could imply automotive seating, but the explicit application text only states generic 'upholstery', making the transport interpretation uncertain and warranting human confirmation.";"transport: Name 'ArSeat' hints at seating but no vehicle, vessel or automotive context is explicitly stated; only generic 'upholstery' application is given. || sport: No sportswear or athletic use is stated in the data.";"It is suitable for upholstery. || Application | Upholstery || familyDescriptorEn: Upholstery knits for seats and footwear || categoryNameEn: Upholstery & footwear knits";"";"/ariteks/fabrics/arseat-touch/data/fabric-complete-record.json"
"ar-air-mesh-bond";"ArAir Mesh Bond";"upholstery-interiors";"60";"";"0";"Product lists three distinct plausible uses (upholstery, footwear, acoustic panels) with no clear dominant application stated, requiring human judgment to confirm primary/secondary assignment.";"architecture-building: Acoustic panels for theatre/cinema walls are mentioned only as an additional possible use, not a structural building system, and less central than upholstery/footwear uses. || military: Military shoes are mentioned as one of several suitable applications for the mesh, not as a distinct military-specific product; captured within footwear-components. || sport: Sport shoes mentioned alongside military shoes as one application; footwear-components is the more specific and appropriate classification per taxonomy rules.";"It can be used as upholstery mesh for office furniture. || Application | Uphosltery, Bag, Shoes";"";"/ariteks/fabrics/ar-air-mesh-bond/data/fabric-complete-record.json"
