"slug";"name";"family";"subFamily";"primaryApplication";"primaryConfidence";"secondaryApplication";"secondaryConfidence";"status";"primaryRationale";"secondaryRationale";"recordUrl"
"arneo";"ArNeo";"ArNeo";"arneo";"hivis";"98";"";"0";"resolved";"ArNeo is explicitly a fluorescent warp knit fabric for safety jackets, certified to EN ISO 20471, directly matching the hi-vis application.";"";"/ariteks/fabrics/arneo/data/fabric-complete-record.json"
"arneo-pro";"ArNeo Pro";"ArNeo";"arneo";"hivis";"98";"";"0";"resolved";"Explicitly certified to EN ISO 20471 and marketed as a fluorescent knit fabric for high-visibility safety jackets, which is the fabric's clearest and most central commercial use.";"";"/ariteks/fabrics/arneo-pro/data/fabric-complete-record.json"
"arneo-flame-static-pro";"ArNeo Flame + Static Pro";"ArNeo";"arneo";"hivis";"97";"";"0";"resolved";"Product is explicitly a certified high-visibility warp knit fabric for safety jackets under EN ISO 20471, positioned as the core commercial use.";"";"/ariteks/fabrics/arneo-flame-static-pro/data/fabric-complete-record.json"
"arneo-eco-r400";"ArNeo Eco +R400";"ArNeo";"arneo";"hivis";"98";"";"0";"resolved";"The fabric is explicitly a certified EN ISO 20471 high-visibility warp knit designed for safety jackets, with laminated reflective strips, directly matching the hivis application.";"";"/ariteks/fabrics/arneo-eco-r400/data/fabric-complete-record.json"
"arneo-color";"ArNeo Color";"ArNeo";"arneo";"hivis";"95";"";"0";"resolved";"Explicitly categorized as a hi-vis warp knit fabric for safety jackets certified to EN ISO 20471, with jacket application imagery confirming direct high-visibility safety apparel use.";"";"/ariteks/fabrics/arneo-color/data/fabric-complete-record.json"
"arneo-file";"ArNeo File";"ArNeo";"arneo";"hivis";"98";"";"0";"resolved";"Explicitly described and certified as a fluorescent high-visibility mesh fabric for safety jackets under EN ISO 20471, directly matching the hivis application.";"";"/ariteks/fabrics/arneo-file/data/fabric-complete-record.json"
"arneo-color-file";"ArNeo Color File";"ArNeo";"arneo";"hivis";"98";"";"0";"resolved";"The fabric is explicitly categorized and marketed as a hi-vis warp knit mesh for safety jackets with reflective strips, directly matching the high-visibility apparel application.";"";"/ariteks/fabrics/arneo-color-file/data/fabric-complete-record.json"
"arneo-dirt-pro";"ArNeo Dirt Pro";"ArNeo";"arneo";"hivis";"98";"";"0";"resolved";"Explicitly a certified EN ISO 20471 high-visibility warp knit fabric for safety jackets, directly matching the hi-vis application.";"";"/ariteks/fabrics/arneo-dirt-pro/data/fabric-complete-record.json"
"arneo-supereco";"ArNeo Super Eco";"ArNeo";"arneo";"hivis";"98";"";"0";"resolved";"Explicitly certified to EN ISO 20471 and marketed as an economical high-visibility safety jacket fabric for warning clothing, matching the hivis application directly.";"";"/ariteks/fabrics/arneo-supereco/data/fabric-complete-record.json"
"arneo-supereco-r50";"ArNeo Super Eco +R50";"ArNeo";"arneo";"hivis";"98";"";"0";"resolved";"Explicitly categorized and marketed as a fluorescent high-visibility safety jacket fabric with laminated brilliant strips, targeting construction and mining workers, directly matching hi-vis apparel.";"";"/ariteks/fabrics/arneo-supereco-r50/data/fabric-complete-record.json"
"arneo-light";"ArNeo Light";"ArNeo";"arneo";"hivis";"97";"";"0";"resolved";"Explicitly categorized and described as a fluorescent hi-vis warp knit fabric for safety jackets, with clear application labeling as high-visibility safety jacket fabric.";"";"/ariteks/fabrics/arneo-light/data/fabric-complete-record.json"
"arneo-light-r50";"ArNeo Light + R50";"ArNeo";"arneo";"hivis";"97";"";"0";"resolved";"Fabric is explicitly categorized as hi-vis warp knit for safety jackets, with explicit 'Safety Jacket' application field and hi-vis imagery, making high-visibility apparel the clear primary use.";"";"/ariteks/fabrics/arneo-light-r50/data/fabric-complete-record.json"
"arneo-light-r400";"ArNeo Light +R400";"ArNeo";"arneo";"hivis";"97";"";"0";"resolved";"Fabric is explicitly categorized as a hi-vis warp knit safety jacket fabric with EN ISO 20471 certified reflective strips, directly matching the hi-vis application.";"";"/ariteks/fabrics/arneo-light-r400/data/fabric-complete-record.json"
"arneo-color-light";"ArNeo Color Light";"ArNeo";"arneo";"hivis";"97";"";"0";"resolved";"Product is explicitly categorized as a hi-vis warp knit fabric used as bias tape for safety jackets, a direct high-visibility apparel application.";"";"/ariteks/fabrics/arneo-color-light/data/fabric-complete-record.json"
"arshirt-neo";"ArShirt Neo";"ArShirt";"arshirt-arsuprem";"hivis";"95";"";"0";"resolved";"The fabric is explicitly categorized and marketed as a high-visibility warp knit fabric with fluorescent coloring, intended for safety garments such as hi-vis T-shirts.";"";"/ariteks/fabrics/arshirt-neo/data/fabric-complete-record.json"
"arshirt";"ArShirt";"ArShirt";"arshirt-arsuprem";"hivis";"88";"";"0";"resolved";"The fabric is explicitly categorized as a hi-vis warp knit intended for safety jackets, with hi-vis listed as a core property and the family descriptor confirming shirting knits for high-visibility apparel.";"";"/ariteks/fabrics/arshirt/data/fabric-complete-record.json"
"arshirt-static-pro";"ArShirt Static Pro";"ArShirt";"arwowear-static-pro";"workwear-industrial";"62";"";"0";"resolved-review";"The fabric is explicitly described as an antistatic ESD workwear shirt fabric with ESD/EN 1149 certification, intended for general industrial protective clothing. No narrower named sector (energy, welding, firefighting) is explicitly and directly supported beyond generic antistatic properties, so it falls under general workwear-industrial per rule 15.";"";"/ariteks/fabrics/arshirt-static-pro/data/fabric-complete-record.json"
"arshirt-moda-pro";"ArShirt Moda Pro";"ArShirt";"arwowear-moda-pro-2";"hivis";"92";"";"0";"resolved-review";"The product is explicitly categorized as a hi-vis warp knit fabric for safety jackets and carries EN ISO 20471 certification, making high-visibility apparel the clearest and most direct commercial use.";"";"/ariteks/fabrics/arshirt-moda-pro/data/fabric-complete-record.json"
"arsuprem";"ArSuprem";"ArSuprem";"arshirt-arsuprem";"workwear-industrial";"55";"";"0";"resolved-review";"The explicit technical parameter states 'Application: Workwear' and the description repeatedly frames the fabric as a durable, colorfast cotton jersey for hard working conditions, i.e., general industrial workwear, despite being grouped under a hi-vis warp knit category that doesn't match this plain vat-dyed jersey's described use as a T-shirt fabric.";"";"/ariteks/fabrics/arsuprem/data/fabric-complete-record.json"
"arsuprem-static-pro";"ArSuprem Static Pro";"ArSuprem";"arwowear-static-pro";"workwear-industrial";"62";"";"0";"resolved-review";"The fabric is explicitly described as an antistatic ESD shirt fabric intended for general industrial protective workwear. Despite being catalogued under a hi-vis category source group, the technical data, application field and descriptions center on antistatic/ESD workwear rather than certified high-visibility warning use (no EN ISO 20471 or fluorescent colour evidence), so the most defensible primary use is general industrial workwear.";"";"/ariteks/fabrics/arsuprem-static-pro/data/fabric-complete-record.json"
"arsuprem-moda-pro";"ArSuprem Moda Pro";"ArSuprem";"arwowear-moda-pro-2";"hivis";"92";"welding";"75";"resolved-review";"The product is explicitly categorized as a hi-vis warp knit fabric for safety jackets and carries EN ISO 20471 certification, making high-visibility apparel the clearest and most direct commercial application.";"Explicit statement that the fabric is used by welders, combined with arc-flash protection certification (EN 61482), independently supports a welding/metal-processing end use beyond the primary hi-vis classification.";"/ariteks/fabrics/arsuprem-moda-pro/data/fabric-complete-record.json"
"arbir";"ArBir";"ArBir";"arbir";"hivis";"96";"";"0";"resolved";"The fabric is explicitly certified to EN ISO 20471 and depicted in high-visibility safety jacket applications, making hivis the clear, dominant, direct end use.";"";"/ariteks/fabrics/arbir/data/fabric-complete-record.json"
"arbir-su-itici";"ArBir Su İtici";"ArBir";"arbir";"hivis";"93";"";"0";"resolved-review";"The fabric is explicitly certified to EN ISO 20471 and depicted on safety jackets, making high-visibility apparel the clear dominant application.";"";"/ariteks/fabrics/arbir-su-itici/data/fabric-complete-record.json"
"arbir-su-itici-su-gecirmez";"ArBir Su İtici/Su Geçirmez";"ArBir";"arbir";"hivis";"90";"";"0";"resolved-review";"Explicit EN ISO 20471 certification, hi-vis property, and application image labeled as a safety jacket strongly support a certified high-visibility warning garment use as the dominant application.";"";"/ariteks/fabrics/arbir-su-itici-su-gecirmez/data/fabric-complete-record.json"
"arbir-200";"ArBir 200";"ArBir";"arbir";"hivis";"96";"";"0";"resolved-review";"The fabric is explicitly certified to EN ISO 20471 and marketed as a high-visibility knit fabric for safety clothing, making hivis the clear primary application.";"";"/ariteks/fabrics/arbir-200/data/fabric-complete-record.json"
"arwowear-t2-soft";"ArWoWear T2 Soft";"ArWoWear";"arwowear-soft";"workwear-industrial";"85";"";"0";"resolved";"This is a generic economical cotton twill workwear fabric explicitly intended for coveralls, with no narrower named sector (military, firefighting, energy, welding, etc.) stated, making general workwear/industrial apparel the most defensible primary application.";"";"/ariteks/fabrics/arwowear-t2-soft/data/fabric-complete-record.json"
"arwowear-t4-soft";"ArWoWear T4 Soft";"ArWoWear";"arwowear-soft";"workwear-industrial";"80";"";"0";"resolved";"The fabric is explicitly positioned as an economical workwear twill for coveralls/uniforms with no narrower sector (military, firefighting, energy, etc.) explicitly stated, matching the general workwear-industrial category.";"";"/ariteks/fabrics/arwowear-t4-soft/data/fabric-complete-record.json"
"arwowear-t5-soft";"ArWoWear T5 Soft";"ArWoWear";"arwowear-soft";"workwear-industrial";"85";"";"0";"resolved";"The product is explicitly framed as an economical general-purpose polyester/cotton twill workwear fabric intended for coveralls, with no narrower named sector (military, firefighting, energy, welding, hivis, medical, motorcycle) stated. This matches the general workwear/industrial apparel category directly.";"";"/ariteks/fabrics/arwowear-t5-soft/data/fabric-complete-record.json"
"arwowear-t6-soft";"ArWoWear T6 Soft";"ArWoWear";"arwowear-soft";"workwear-industrial";"85";"";"0";"resolved";"The fabric is explicitly stated for coveralls (vest/pant) and belongs to an economical workwear twill category, with no narrower named sector referenced, matching general workwear/industrial apparel use.";"";"/ariteks/fabrics/arwowear-t6-soft/data/fabric-complete-record.json"
"arwowear-t7-soft";"ArWoWear T7 Soft";"ArWoWear";"arwowear-soft";"workwear-industrial";"80";"";"0";"resolved";"The fabric is explicitly described as a workwear textile for coveralls, part of an economical twill workwear category, with no narrower sector (military, firefighting, energy, etc.) explicitly stated. This matches general industrial/workwear apparel use.";"";"/ariteks/fabrics/arwowear-t7-soft/data/fabric-complete-record.json"
"arwowear-t11-soft";"ArWoWear T11 Soft";"ArWoWear";"arwowear-soft";"workwear-industrial";"85";"";"0";"resolved";"The fabric is explicitly described as a general workwear twill fabric intended for coveralls, with no narrower named sector (military, firefighting, energy, welding, medical, hivis) stated. This matches the workwear-industrial category directly.";"";"/ariteks/fabrics/arwowear-t11-soft/data/fabric-complete-record.json"
"arwowear-t20-static-pro";"ArWoWear T20 Static Pro Pro";"ArWoWear";"arwowear-static-pro";"workwear-industrial";"70";"";"0";"resolved-review";"The product is explicitly described as a general antistatic coverall/workwear fabric (categorySourceGroup: Antistatic Twill Workwear Fabrics, Application: Coveralls) without a single narrower sector dominating the product's primary commercial framing, so general industrial workwear is the most defensible primary application.";"";"/ariteks/fabrics/arwowear-t20-static-pro/data/fabric-complete-record.json"
"arwowear-t11-static-pro";"ArWoWear T11 Static Pro";"ArWoWear";"arwowear-static-pro";"workwear-industrial";"65";"";"0";"resolved-review";"The fabric is a general antistatic twill workwear material intended for coveralls, explicitly usable across multiple industrial environments (electronics, oil & gas) without one sector being the sole dominant use, matching general industrial protective workwear.";"";"/ariteks/fabrics/arwowear-t11-static-pro/data/fabric-complete-record.json"
"arwowear-t2-static-pro";"ArWoWear T2 Static Pro";"ArWoWear";"arwowear-static-pro";"workwear-industrial";"72";"";"0";"resolved-review";"The product is explicitly a workwear coverall fabric (antistatic twill) with general industrial protective use as its central commercial application; the antistatic property broadens suitability to several industries but the core product category and stated application ('Coveralls') is general industrial workwear.";"";"/ariteks/fabrics/arwowear-t2-static-pro/data/fabric-complete-record.json"
"arwowear-t2-chem-pro";"ArWoWear T2 Chem Pro";"ArWoWear";"arwowear-chem-pro";"workwear-industrial";"90";"";"0";"resolved";"The fabric is explicitly for coveralls and chemical-resistant industrial workwear, with no narrower named sector (e.g. firefighting, welding, energy) stated despite chemical resistance property. This fits general industrial protective workwear.";"";"/ariteks/fabrics/arwowear-t2-chem-pro/data/fabric-complete-record.json"
"arwowear-t4-static-pro";"ArWoWear T4 Static Pro";"ArWoWear";"arwowear-static-pro";"workwear-industrial";"65";"";"0";"resolved-review";"The fabric is explicitly positioned as a general antistatic workwear/coverall fabric (category: Antistatic Twill Workwear Fabrics, Application: Coveralls) suitable across multiple industrial environments, making general industrial workwear the most direct and central commercial use.";"";"/ariteks/fabrics/arwowear-t4-static-pro/data/fabric-complete-record.json"
"arwowear-t21-static-pro";"ArWoWear T21 Static Pro Pro";"ArWoWear";"arwowear-static-pro";"workwear-industrial";"62";"";"0";"resolved-review";"The product is explicitly described as a coverall fabric intended for general industrial and oil-and-gas workwear use, which the taxonomy explicitly lists under workwear-industrial's include criteria. This is the dominant, most direct commercial use even though the antistatic property has additional context.";"";"/ariteks/fabrics/arwowear-t21-static-pro/data/fabric-complete-record.json"
"arwowear-t4-chem-pro";"ArWoWear T4 Chem Pro";"ArWoWear";"arwowear-chem-pro";"workwear-industrial";"85";"";"0";"resolved";"The product is explicitly described as a workwear fabric for coveralls with chemical resistance (EN 13034), aligning with general industrial protective workwear rather than a narrower named sector like welding or energy, since no explicit metallurgy, electrical, or hazard-specific context is stated.";"";"/ariteks/fabrics/arwowear-t4-chem-pro/data/fabric-complete-record.json"
"arwowear-t5-chem-pro";"ArWoWear T5 Chem Pro";"ArWoWear";"arwowear-chem-pro";"workwear-industrial";"90";"";"0";"resolved";"Product is explicitly a chemical-resistant workwear fabric intended for coveralls used in industrial chemical-exposure environments, matching general industrial protective workwear without a narrower named sector being stated.";"";"/ariteks/fabrics/arwowear-t5-chem-pro/data/fabric-complete-record.json"
"arwowear-t7-chem-pro";"ArWoWear T7 Chem Pro";"ArWoWear";"arwowear-chem-pro";"workwear-industrial";"85";"";"0";"resolved";"The fabric is explicitly described as chemical-resistant workwear for coveralls, a general industrial protective apparel use with no narrower sector (e.g., welding, energy) explicitly stated despite the EMI property.";"";"/ariteks/fabrics/arwowear-t7-chem-pro/data/fabric-complete-record.json"
"arwowear-t11-chem-pro";"ArWoWear T11 Chem Pro";"ArWoWear";"arwowear-chem-pro";"workwear-industrial";"88";"";"0";"resolved";"The fabric is explicitly intended for coveralls used as chemical-resistant workwear in industrial environments, matching the general workwear/industrial protective apparel category with no narrower named sector (e.g., welding, firefighting) explicitly stated.";"";"/ariteks/fabrics/arwowear-t11-chem-pro/data/fabric-complete-record.json"
"arwowear-t6-chem-pro";"ArWoWear T6 Chem Pro";"ArWoWear";"arwowear-chem-pro";"workwear-industrial";"88";"";"0";"resolved";"The product is explicitly positioned as a chemical-resistant workwear fabric for coveralls, tested to EN ISO 13034, which fits general industrial protective apparel without a narrower named sector (e.g., firefighting, welding, energy) being explicitly stated.";"";"/ariteks/fabrics/arwowear-t6-chem-pro/data/fabric-complete-record.json"
"arwowear-t1-flame-pro";"ArWoWear T1 Flame Pro";"ArWoWear";"arwowear-flame-pro";"workwear-industrial";"72";"";"0";"resolved-review";"The fabric is explicitly described as generic FR cotton workwear/lining used for coveralls and jackets, with no explicit tie to a narrower sector like firefighting, military, or welding. This matches workwear-industrial per rule 15.";"";"/ariteks/fabrics/arwowear-t1-flame-pro/data/fabric-complete-record.json"
"arwowear-t2-flame-pro";"ArWoWear T2 Flame Pro";"ArWoWear";"arwowear-flame-pro";"welding";"85";"";"0";"resolved-review";"Explicit EN ISO 11611 welding protection certification and molten-metal splash resistance point directly to metalworking/welding as a dominant intended use, alongside general FR workwear positioning.";"";"/ariteks/fabrics/arwowear-t2-flame-pro/data/fabric-complete-record.json"
"arwowear-t13-flame-pro";"ArWoWear T13 Flame Pro";"ArWoWear";"arwowear-flame-pro";"welding";"92";"";"0";"resolved-review";"Explicit EN ISO 11611 welding protection certification, molten-metal resistance, and explicit statement of suitability for shipyard welders make welding the clearest and most direct end use.";"";"/ariteks/fabrics/arwowear-t13-flame-pro/data/fabric-complete-record.json"
"arwowear-t20-flame-pro";"ArWoWear T20 Flame Pro";"ArWoWear";"arwowear-flame-pro";"welding";"85";"";"0";"resolved-review";"Explicit EN ISO 11611 welding protection certification plus molten-metal splash resistance directly indicate welding/metalworking protective clothing use, making this the most specific named sector.";"";"/ariteks/fabrics/arwowear-t20-flame-pro/data/fabric-complete-record.json"
"arwowear-t12-flame-pro";"ArWoWear T12 Flame Pro";"ArWoWear";"arwowear-flame-pro";"welding";"95";"";"0";"resolved-review";"The fabric is explicitly certified to EN ISO 11611 welding protection standard and described as suitable for shipyard welders, directly and specifically supporting welding/metallurgy as the dominant intended use.";"";"/ariteks/fabrics/arwowear-t12-flame-pro/data/fabric-complete-record.json"
"arwowear-t21-flame-pro";"ArWoWear T21 Flame Pro";"ArWoWear";"arwowear-flame-pro";"welding";"88";"";"0";"resolved-review";"The fabric is explicitly certified to EN ISO 11611 for welding protection and lists molten-metal splash resistance, indicating a direct, stated intended use in metalworking/welding protective clothing.";"";"/ariteks/fabrics/arwowear-t21-flame-pro/data/fabric-complete-record.json"
"arwowear-t11-flame-pro";"ArWoWear T11 Flame Pro";"ArWoWear";"arwowear-flame-pro";"workwear-industrial";"62";"welding";"70";"resolved-review";"The product is explicitly framed as a general flame-retardant workwear fabric intended for coveralls, positioned within the broader FR-workwear category rather than a single narrow sector. While it carries welding and arc certifications, the primary commercial framing is general industrial protective workwear.";"The fabric explicitly states 'Welding Protection: Yes' with EN ISO 11611 certification and molten-metal splash resistance, providing direct independent evidence of a welding/metalworking end use beyond generic FR properties.";"/ariteks/fabrics/arwowear-t11-flame-pro/data/fabric-complete-record.json"
"arwowear-t30-flame-pro";"ArWoWear T30 Flame Pro";"ArWoWear";"arwowear-flame-pro";"welding";"85";"";"0";"resolved-review";"Explicit EN ISO 11611 welding protection certification plus molten-metal splash and arc-flash protection make welding/metalworking the most specific and defensible primary application.";"";"/ariteks/fabrics/arwowear-t30-flame-pro/data/fabric-complete-record.json"
"arwowear-t31-flame-pro";"ArWoWear T31 Flame Pro";"ArWoWear";"arwowear-flame-arc-pro";"welding";"90";"energy";"70";"resolved";"Explicit EN ISO 11611 welding protection certification and molten-metal splash resistance make welding/metalworking the most direct and specific stated application.";"Explicit electric-arc protection rating with ATPV value directly supports independent use in electrical/energy sector hazard protection, separate from welding certification.";"/ariteks/fabrics/arwowear-t31-flame-pro/data/fabric-complete-record.json"
"arwowear-t1-flame-arc-pro";"ArWoWear T1 Flame Arc Pro";"ArWoWear";"arwowear-flame-arc-pro";"workwear-industrial";"72";"";"0";"resolved-review";"The product is explicitly described as a general flame retardant, antistatic workwear fabric intended for shirts, with no narrower named sector (energy, welding, firefighting, military) explicitly stated. This fits the general industrial protective workwear category best.";"";"/ariteks/fabrics/arwowear-t1-flame-arc-pro/data/fabric-complete-record.json"
"arwowear-t0-flame-arc-pro";"ArWoWear T0 Flame Arc Pro";"ArWoWear";"arwowear-flame-arc-pro";"workwear-industrial";"72";"";"0";"resolved-review";"The product is a generic FR/antistatic shirt fabric explicitly marketed for workwear use (categorySourceGroup and 'Flame Retardant Shirt' application), without any explicit narrower sector (firefighting, energy, welding) stated. Per rules 8, 9 and 15, generic FR+antistatic protective clothing without an explicit named sector defaults to workwear-industrial.";"";"/ariteks/fabrics/arwowear-t0-flame-arc-pro/data/fabric-complete-record.json"
"arwowear-t2-flame-arc-pro";"ArWoWear T2 Flame Arc Pro";"ArWoWear";"arwowear-flame-arc-pro";"welding";"85";"energy";"75";"resolved";"The product explicitly states EN ISO 11611 welding protection certification, making metalworking/welding a direct, explicit end use rather than a mere flame-retardant property.";"Explicit electric-arc protection rating (EN 61482) and antistatic carbon fiber construction independently support use in electrical/energy sector hazard protection, beyond generic FR/antistatic claims.";"/ariteks/fabrics/arwowear-t2-flame-arc-pro/data/fabric-complete-record.json"
"arwowear-t20-flame-arc-pro";"ArWoWear T20 Flame Arc Pro";"ArWoWear";"arwowear-flame-arc-pro";"welding";"80";"energy";"70";"resolved";"Explicit EN ISO 11611 welding protection certification directly ties this fabric to welding/metal-processing protective clothing, making it the most specific named end use in the data.";"Explicit electric-arc protection certification (EN 61482) independently supports use in electrical/energy sector protective clothing beyond generic antistatic properties.";"/ariteks/fabrics/arwowear-t20-flame-arc-pro/data/fabric-complete-record.json"
"arwowear-t11-flame-arc-pro";"ArWoWear T11 Flame Arc Pro";"ArWoWear";"arwowear-flame-arc-pro";"energy";"80";"welding";"75";"resolved-review";"The product's naming and dedicated EN 61482 arc-flash certification with ATPV rating indicate the dominant intended use is protection against electrical arc hazards in the energy sector.";"Explicit EN ISO 11611 welding protection certification independently supports a secondary use in metalworking/welding protective clothing.";"/ariteks/fabrics/arwowear-t11-flame-arc-pro/data/fabric-complete-record.json"
"arwowear-t21-flame-arc-pro";"ArWoWear T21 Flame Arc Pro";"ArWoWear";"arwowear-flame-arc-pro";"welding";"85";"energy";"70";"resolved";"Explicit EN ISO 11611 welding protection certification and molten-metal splash resistance directly support welding/metallurgy as the most specific, clearly certified end use.";"Explicit electric-arc thermal hazard protection with EN 61482 certification independently supports electrical/energy-sector protective use beyond generic FR/antistatic properties.";"/ariteks/fabrics/arwowear-t21-flame-arc-pro/data/fabric-complete-record.json"
"arwowear-t31-flame-arc-pro";"ArWoWear T31 Flame Arc Pro";"ArWoWear";"arwowear-flame-arc-pro";"welding";"85";"energy";"70";"resolved";"Explicit EN ISO 11611 welding protection certification directly ties this fabric to welding/metalworking protective clothing, satisfying the taxonomy's requirement for explicit welding/metal-processing use.";"Explicit electric-arc protection with tested ATPV rating (EN 61482) independently supports use in electrical/high-voltage work environments, beyond generic antistatic property, warranting a secondary energy-sector application.";"/ariteks/fabrics/arwowear-t31-flame-arc-pro/data/fabric-complete-record.json"
"arwowear-t30-flame-arc-pro";"ArWoWear T30 Flame Arc Pro";"ArWoWear";"arwowear-flame-arc-pro";"welding";"85";"energy";"80";"resolved";"The fabric is explicitly certified for welding protection under EN ISO 11611 and includes molten-metal splash resistance, directly supporting metalworking/welding use.";"Explicit electric-arc protection certification (EN 61482) with a defined ATPV rating independently supports use in electrical/energy-sector protective clothing.";"/ariteks/fabrics/arwowear-t30-flame-arc-pro/data/fabric-complete-record.json"
"aramid-d2-260";"Aramid D2 260";"Aramid";"aramid";"firefighting";"90";"welding";"75";"resolved";"The product explicitly states firefighter costumes and forest/wildland firefighter certification (EN 15614), making firefighting the most direct and dominant stated end use.";"EN ISO 11611 welding protection is explicitly certified, independently supporting a welding/metal industry application alongside firefighting.";"/ariteks/fabrics/aramid-d2-260/data/fabric-complete-record.json"
"aramid-d0-150";"Aramid D0 150";"Aramid";"aramid";"military";"72";"";"0";"resolved-review";"The product explicitly lists 'military pilot costumes' as a named use and the technical parameter field states 'Application | Pilot Costumes', reinforced by the 'Aramid Flight Suit' application image, making military pilot/flight suit apparel the most specific and directly named end use.";"";"/ariteks/fabrics/aramid-d0-150/data/fabric-complete-record.json"
"aramid-d3-200";"Aramid D3 200";"Aramid";"aramid";"firefighting";"95";"";"0";"resolved-review";"The product explicitly states its application as firefighter costumes/turnout gear and is certified to EN 469, directly identifying firefighting as the dominant end use.";"";"/ariteks/fabrics/aramid-d3-200/data/fabric-complete-record.json"
"arwowear-260-moda-pro";"ArWoWear 260 Moda Pro";"ArWoWear";"arwowear-moda-pro";"welding";"90";"hivis";"80";"resolved";"The product description explicitly states it is used by welders and carries EN ISO 11611 welding protection certification, making welding the most direct and dominant stated end use.";"Explicit EN ISO 20471 certification and hi-vis property independently support high-visibility use as a secondary application, distinct from the welding use.";"/ariteks/fabrics/arwowear-260-moda-pro/data/fabric-complete-record.json"
"aramid-d1-210";"Aramid D1 210";"Aramid";"aramid";"firefighting";"72";"";"0";"resolved-review";"The explicit Application field states 'Firefighters Costumes' and the description directly names wildland firefighters as an intended user group, supported by EN ISO 15614 forest-firefighter certification, making firefighting the most directly stated dominant end use.";"";"/ariteks/fabrics/aramid-d1-210/data/fabric-complete-record.json"
"arwowear-330-moda-pro";"ArWoWear 330 Moda Pro";"ArWoWear";"arwowear-moda-pro";"welding";"90";"hivis";"80";"resolved";"The fabric is explicitly stated to be used by welders and is certified to EN ISO 11611, the dedicated welding protection standard, making welding the most specific and directly supported end use.";"The product is independently certified to EN ISO 20471 and explicitly marketed with high-visibility jacket/trouser imagery, supporting a genuine secondary hivis application.";"/ariteks/fabrics/arwowear-330-moda-pro/data/fabric-complete-record.json"
"arox-t1-static-pro";"Arox T1 Static Pro";"Arox";"arox";"workwear-industrial";"72";"";"0";"resolved-review";"The fabric is an antistatic ESD workwear textile intended for cleanroom/industrial protective garments (coveralls, cloths). No narrower named sector such as energy, medical, or electronics manufacturing is explicitly stated as the dominant commercial use—only generic ESD/cleanroom workwear, which fits general industrial protective apparel best.";"";"/ariteks/fabrics/arox-t1-static-pro/data/fabric-complete-record.json"
"arox-t2-static-pro";"Arox T2 Static Pro";"Arox";"arox";"workwear-industrial";"68";"";"0";"resolved-review";"The product is an antistatic ESD twill fabric intended for cleanroom/electronic industry workwear and coveralls, matching general industrial protective apparel without a narrower named sector (energy, medical) being explicitly stated as the dominant end use.";"";"/ariteks/fabrics/arox-t2-static-pro/data/fabric-complete-record.json"
"arox-t2-wr";"Arox T2 WR";"Arox";"arox";"hivis";"95";"";"0";"resolved";"Explicit EN ISO 20471 certification, hi-vis jacket application, and safety jacket labeling clearly and directly establish high-visibility apparel as the dominant end use.";"";"/ariteks/fabrics/arox-t2-wr/data/fabric-complete-record.json"
"arox-t4-wr-wp";"Arox T4 WR/WP";"Arox";"arox";"hivis";"93";"";"0";"resolved-review";"Fabric is explicitly certified to EN ISO 20471 and marketed for hi-vis safety jackets/raincoats, making high-visibility apparel the clear dominant application.";"";"/ariteks/fabrics/arox-t4-wr-wp/data/fabric-complete-record.json"
"arox-t5-multi";"Arox T5 Multi";"Arox";"arox";"hivis";"93";"";"0";"resolved-review";"Explicitly certified to EN ISO 20471 and marketed as high-visibility safety jacket/raincoat fabric, making hi-vis the clearest and most direct commercial end use.";"";"/ariteks/fabrics/arox-t5-multi/data/fabric-complete-record.json"
"argiyim-290";"ArGiyim 290";"ArGiyim";"argiyim";"hivis";"96";"";"0";"resolved-review";"The fabric is explicitly titled and certified as a high-visibility fabric (EN ISO 20471) intended for safety jackets and trousers, making hi-vis the clear, dominant application.";"";"/ariteks/fabrics/argiyim-290/data/fabric-complete-record.json"
"argiyim-245";"ArGiyim 245";"ArGiyim";"argiyim";"hivis";"95";"";"0";"resolved-review";"Explicit EN ISO 20471 certification and hi-vis property, with product used for safety jackets and trousers, making high-visibility apparel the clear dominant application.";"";"/ariteks/fabrics/argiyim-245/data/fabric-complete-record.json"
"argiyim-245-static-pro";"ArGiyim 245 Static Pro";"ArGiyim";"argiyim";"hivis";"90";"";"0";"resolved-review";"The fabric is explicitly certified to EN ISO 20471 for high-visibility apparel and its stated application field explicitly labels it as a hi-vis garment fabric, making this the most direct and dominant end use.";"";"/ariteks/fabrics/argiyim-245-static-pro/data/fabric-complete-record.json"
"argiyim-bird-eye";"ArGiyim Bird Eye";"ArGiyim";"argiyim";"hivis";"97";"";"0";"resolved";"Explicitly certified to EN ISO 20471 and marketed for hi-vis t-shirts, matching high-visibility apparel directly and dominantly.";"";"/ariteks/fabrics/argiyim-bird-eye/data/fabric-complete-record.json"
"argiyim-sultan";"ArGiyim Sultan";"ArGiyim";"argiyim-knit";"hivis";"90";"";"0";"resolved-review";"The fabric is explicitly certified to EN ISO 20471 and consistently labeled 'High Visible' across title, spec line and technical parameters, with a stated application of 'Hi Vis Pans' for safety jackets and trousers, making high-visibility apparel the clear dominant end use.";"";"/ariteks/fabrics/argiyim-sultan/data/fabric-complete-record.json"
"argiyim-ic";"ArGiyim Ic";"ArGiyim";"argiyim-knit";"hivis";"95";"";"0";"resolved-review";"The fabric is explicitly certified to EN ISO 20471 and marketed specifically for hi-vis t-shirts, making high-visibility apparel the clear, dominant end use.";"";"/ariteks/fabrics/argiyim-ic/data/fabric-complete-record.json"
"arsuprem-aramid-vis";"ArSuprem Aramid Vis";"ArSuprem";"aramid-vis-knit";"firefighting";"80";"energy";"70";"resolved";"The product description explicitly states use by firefighters and carries EN ISO 11612 flame/heat protection certification, making firefighting the most direct stated application.";"The explicit mention of electrical workers combined with arc-flash protection certification (EN 61482) directly ties the fabric to electrical/energy sector use, independent of the firefighting use.";"/ariteks/fabrics/arsuprem-aramid-vis/data/fabric-complete-record.json"
"arshirt-aramid-vis";"ArShirt Aramid Vis";"ArShirt";"aramid-vis-knit";"energy";"85";"";"0";"resolved-review";"The product description explicitly names electrical workers as the primary user group, and the fabric is certified for arc-flash protection (EN 61482) and antistatic performance (EN 1149), directly supporting the energy sector as the dominant application.";"";"/ariteks/fabrics/arshirt-aramid-vis/data/fabric-complete-record.json"
"aramid-vis-250";"Aramid Vis 250";"Aramid";"aramid-vis-knit";"workwear-industrial";"72";"";"0";"resolved-review";"The product is explicitly described as intended for oil and gas industry workers, with general industrial protective properties (FR, antistatic, arc, chemical resistance) typical of workwear rather than a specific named sector like firefighting alone. The category source group also explicitly labels it as workwear fabric.";"";"/ariteks/fabrics/aramid-vis-250/data/fabric-complete-record.json"
"ar3iplik-aramid-vis";"Ar3 İplik Aramid Vis";"Ar3";"aramid-vis-knit";"firefighting";"85";"energy";"70";"resolved";"Explicit statement that the fabric is mostly used by firefighters, combined with EN ISO 11612 flame/heat protection certification, directly supports firefighting as the primary application.";"Explicit mention of use by electrical workers plus dedicated arc-flash protection certification (EN 61482) independently supports the energy sector as a secondary application, beyond mere antistatic property.";"/ariteks/fabrics/ar3iplik-aramid-vis/data/fabric-complete-record.json"
"aramid-vis-150";"Aramid Vis 150";"Aramid";"aramid-vis";"firefighting";"75";"";"0";"resolved-review";"The product description explicitly states use as firefighter cloth inside lining, reinforced by the application image label 'Firefighter lining viscose fr' and EN ISO 11612 heat/flame certification, making firefighting the most direct and explicitly stated end use.";"";"/ariteks/fabrics/aramid-vis-150/data/fabric-complete-record.json"
"aramid-d1-210-denim";"Aramid D1 210 Denim";"Aramid";"aramid-2";"energy";"90";"";"0";"resolved-review";"The product explicitly states its target use as electricity distribution companies and oil & gas workers, with certified arc-flash protection (EN 61482), making energy sector the clearest direct application.";"";"/ariteks/fabrics/aramid-d1-210-denim/data/fabric-complete-record.json"
"aramid-d2-260-el";"Aramid D2 260 El";"Aramid";"aramid-knit";"firefighting";"85";"military";"80";"resolved";"Explicit mention of firefighters and firefighter turnout gear application image confirms firefighting as a direct, dominant intended use, supported by EN ISO 11612 flame/heat protection certification.";"Explicit statement of military application in both description and technical parameters supports a distinct, independently stated end use.";"/ariteks/fabrics/aramid-d2-260-el/data/fabric-complete-record.json"
"aramid-d50-pike";"Aramid D50 Pike";"Aramid";"aramid-knit";"workwear-industrial";"72";"";"0";"resolved-review";"The product is explicitly categorized under workwear fabrics ('Inherent Flame Retardant Aramid Knit Workwear Fabrics') and described as a universal FR knit for a t-shirt/garment application with FR, antistatic and arc-flash certifications typical of general industrial protective apparel. No narrower named sector (firefighting, welding, energy, military) is explicitly stated, so per taxonomy rules this falls to workwear-industrial as the direct, dominant use.";"";"/ariteks/fabrics/aramid-d50-pike/data/fabric-complete-record.json"
"arbo";"ArBo";"ArBo";"arbo";"firefighting";"99";"";"0";"resolved";"Fabric is explicitly designed and certified (EN 469) for firefighter turnout gear/suits, with application images and category descriptors confirming this as the dominant end use.";"";"/ariteks/fabrics/arbo/data/fabric-complete-record.json"
"arbo-dark";"ArBo Dark";"ArBo";"arbo";"firefighting";"95";"military";"85";"resolved";"The product is directly branded as firefighter fabric, EN 469 certified, and depicted in firefighter suit images, making firefighting the dominant, most direct commercial application.";"Multiple explicit statements independently assign the fabric to military applications, distinct from the firefighting use, supporting it as a valid secondary application.";"/ariteks/fabrics/arbo-dark/data/fabric-complete-record.json"
"arwowear-330-moda-pro-el";"ArWoWear 330 Moda Pro El";"ArWoWear";"arwowear-moda-pro-2";"energy";"78";"";"0";"resolved-review";"The product is explicitly described as used by electrical workers, with strong technical support for arc-flash protection (EN 61482) and antistatic performance (EN 1149-5), which are the defining certifications for electrical/energy sector protective fabrics.";"";"/ariteks/fabrics/arwowear-330-moda-pro-el/data/fabric-complete-record.json"
"ard3e3";"ArD3E3";"ArD3E3";"ard3e3";"welding";"93";"";"0";"resolved-review";"The product is explicitly categorized and certified for molten metal splash and welding protection, with direct statements of use in hot metal, steel and aluminum industries, making metallurgy/welding the clearest dominant application.";"";"/ariteks/fabrics/ard3e3/data/fabric-complete-record.json"
"ar3iplik-moda-pro";"Ar3İplik Moda Pro";"Ar3Iplik";"arwowear-moda-pro-2";"hivis";"85";"";"0";"resolved-review";"The fabric is explicitly certified to EN ISO 20471 high-visibility standard and lists hi-vis as a core property, making certified warning apparel its most specific and directly supported end use.";"";"/ariteks/fabrics/ar3iplik-moda-pro/data/fabric-complete-record.json"
"aramid-d5-180-rb";"Aramid D5 180 Rb";"Aramid";"aramid";"firefighting";"96";"";"0";"resolved";"Product is explicitly designed and certified for woodland/forest firefighter suits, with dedicated firefighter norm EN 15614 and application image confirming the end use.";"";"/ariteks/fabrics/aramid-d5-180-rb/data/fabric-complete-record.json"
"arbo-knit";"ArBo Knit";"ArBo";"arbo";"firefighting";"98";"";"0";"resolved";"Product data explicitly and repeatedly states this fabric is designed and applied as firefighter t-shirt material, with firefighter-specific certification (EN ISO 11612) and application labeling, making firefighting the clear dominant use.";"";"/ariteks/fabrics/arbo-knit/data/fabric-complete-record.json"
"arwowear-t4-emk";"ArWoWear T4 EMK";"ArWoWear";"aremk";"energy";"88";"";"0";"resolved-review";"The fabric is explicitly certified to IEC 60895 for conductive clothing used by live-line high-voltage workers, making the energy sector the most direct and certified commercial end use.";"";"/ariteks/fabrics/arwowear-t4-emk/data/fabric-complete-record.json"
"armedi";"ArMedi";"ArMedi";"armedi";"medical";"98";"";"0";"resolved";"Product is explicitly categorized and described as a medical fabric for hospital uniforms, with direct application labeling confirming medical use.";"";"/ariteks/fabrics/armedi/data/fabric-complete-record.json"
"arox-t2-wr-antibac";"Arox T2 WR/Antibac";"Arox";"armedi-antibac";"medical";"96";"";"0";"resolved";"Product explicitly states medical uniform application, cleanroom suit certification and mask-related norms (EN 14683), directly supporting medical use as the dominant and central end use.";"";"/ariteks/fabrics/arox-t2-wr-antibac/data/fabric-complete-record.json"
"arwowear-t4-antibac";"ArWoWear T4 Antibac";"ArWoWear";"armedi-antibac";"medical";"97";"";"0";"resolved";"The fabric is explicitly designed for medical scrubs and hospital mattress use, certified to EN 13795, a medical clean-air-suit standard, making medical the clear direct application.";"";"/ariteks/fabrics/arwowear-t4-antibac/data/fabric-complete-record.json"
"arshirt-emk";"ArShirt EMK";"ArShirt";"aremk";"energy";"88";"";"0";"resolved-review";"The fabric is explicitly certified to IEC 60895 for live line workers and marketed for high-voltage protection and conductive clothing, making energy sector the most direct and certified end use.";"";"/ariteks/fabrics/arshirt-emk/data/fabric-complete-record.json"
"arox-t1-wr-wp";"Arox T1 WR/WP";"Arox";"arox-medical";"medical";"97";"";"0";"resolved";"The product is explicitly described as a barrier medical fabric for isolation and surgical gowns, with EN 14126 certification for infective agents.";"";"/ariteks/fabrics/arox-t1-wr-wp/data/fabric-complete-record.json"
"arpower-knit-p";"ArPower Knit P";"ArPower";"arpower-knit";"medical";"97";"";"0";"resolved";"Product is explicitly positioned for medical corset, orthopedic treatments and certified EN 14683 face masks, making medical the clear dominant application.";"";"/ariteks/fabrics/arpower-knit-p/data/fabric-complete-record.json"
"arpower-knit";"ArPower Knit";"ArPower";"arpower-knit";"medical";"97";"";"0";"resolved";"Product is explicitly positioned for medical corset and face mask applications, tested to EN 14683, matching the medical category directly.";"";"/ariteks/fabrics/arpower-knit/data/fabric-complete-record.json"
"arwowear-t0-soft";"ArWoWear T0 Soft";"ArWoWear";"arwowear-t0-soft";"medical";"95";"";"0";"resolved";"Product is explicitly categorized as medical scrub/shirt fabric, described as the most used fabric for medical wear with cotton comfort and polyester durability.";"";"/ariteks/fabrics/arwowear-t0-soft/data/fabric-complete-record.json"
"arox-t0-wr-wp";"Arox T0 WR/WP";"Arox";"arox-medical";"medical";"97";"";"0";"resolved";"Explicitly positioned as a barrier medical fabric for isolation gowns and medical covers, with direct medical application field, image labels and EN 14126 biological protection certification.";"";"/ariteks/fabrics/arox-t0-wr-wp/data/fabric-complete-record.json"
"arshirt-antiviral";"ArShirt Antiviral";"ArShirt";"armedi-antiviral";"medical";"90";"";"0";"resolved";"The product description explicitly states medical application use, with antiviral testing (ISO 18184) supporting healthcare-oriented positioning.";"";"/ariteks/fabrics/arshirt-antiviral/data/fabric-complete-record.json"
"arof";"Arof";"Arof";"arof";"sport";"85";"";"0";"resolved-review";"The fabric is explicitly described as a track suit fabric primarily used for sports (runners), with the application field and image label both indicating Track Suit as the direct commercial use.";"";"/ariteks/fabrics/arof/data/fabric-complete-record.json"
"arsport";"ArSport";"ArSport";"arsport";"sport";"92";"";"0";"resolved";"The fabric is explicitly designed and marketed for team uniforms and sportswear, matching the sport application directly.";"";"/ariteks/fabrics/arsport/data/fabric-complete-record.json"
"arsport-x";"ArSport X";"ArSport";"arsport";"hivis";"90";"";"0";"resolved-review";"The fabric is explicitly certified to EN ISO 20471 for high-visibility use, which is the most concrete and directly stated end-use application.";"";"/ariteks/fabrics/arsport-x/data/fabric-complete-record.json"
"armoto-dura";"ArMoto Dura";"ArMoto";"armoto";"footwear-components";"80";"military";"75";"resolved";"The product is explicitly and repeatedly described as a fabric for shoes (laminated to base and edge of shoes), with the title descriptor and spec line naming it as a shoe fabric, making footwear the most direct and specific end use per rule 13.";"The military sector is explicitly and independently named as the intended market for these shoes, supporting military as a valid secondary application per rule 19.";"/ariteks/fabrics/armoto-dura/data/fabric-complete-record.json"
"arhard-mesh";"ArHard Mesh";"ArHard";"arhard-mesh";"military";"96";"";"0";"resolved-review";"The fabric is explicitly and repeatedly described as intended for military tactical vests, with dedicated application images and technical parameters confirming this as the dominant use.";"";"/ariteks/fabrics/arhard-mesh/data/fabric-complete-record.json"
"arhard-mesh-300";"ArHard Mesh 300";"ArHard";"arhard-mesh";"upholstery-interiors";"80";"";"0";"resolved-review";"The product is explicitly titled and described as an upholstery mesh fabric for office furniture/chairs, which is the clearest and most directly stated commercial end use.";"";"/ariteks/fabrics/arhard-mesh-300/data/fabric-complete-record.json"
"argiyim-360-denim";"ArGiyim 360 Denim";"ArGiyim";"argiyim-2";"workwear-industrial";"80";"";"0";"resolved";"The fabric is explicitly described as a denim workwear fabric intended for work pants/trousers, with durability suited for work conditions. No narrower named sector (military, firefighting, welding, etc.) is stated, so it falls under general workwear and industrial apparel.";"";"/ariteks/fabrics/argiyim-360-denim/data/fabric-complete-record.json"
"arof-mesh-2-2";"Arof Mesh 2*2";"Arof";"arof";"outdoor-functional";"55";"";"0";"resolved-review";"The fabric is explicitly described for use as parka interlining and raincoat back fabric, positioning it primarily as a functional apparel lining/mesh material for outdoor and weather-protective garments.";"";"/ariteks/fabrics/arof-mesh-2-2/data/fabric-complete-record.json"
"armoto";"ArMoto";"ArMoto";"armoto";"motorcycle";"88";"footwear-components";"80";"resolved";"The product family and description explicitly identify this fabric as designed for motorcyclist clothing (wind jacket air channel), making motorcycle apparel the dominant, most direct end use.";"A separate, explicitly stated end use in shoe manufacturing (lamination on base and edge of sport shoes) independently supports footwear-components as a secondary application.";"/ariteks/fabrics/armoto/data/fabric-complete-record.json"
"arsport-el";"ArSport El";"ArSport";"arsport2";"hivis";"85";"sport";"70";"resolved";"The fabric is explicitly certified to EN ISO 20471 and marked 'High Visible: Yes', which directly qualifies it as a certified high-visibility warning fabric, making this the most defensible primary application.";"The product is explicitly described as being for team uniforms and T-shirt application within the ArSport sports knit family, independently supporting a sport end use alongside its hi-vis certification.";"/ariteks/fabrics/arsport-el/data/fabric-complete-record.json"
"arsport-dry";"ArSport Dry";"ArSport";"arsport2";"sport";"75";"hivis";"80";"resolved-review";"The product is explicitly a sports knit designed for team uniforms, positioning sport as the dominant commercial application.";"Explicit certification to EN ISO 20471 for high visibility supports an independent secondary application, also reflected in the Police Uniform application field and image label.";"/ariteks/fabrics/arsport-dry/data/fabric-complete-record.json"
"argiyim-l";"ArGiyim L";"ArGiyim";"argiyim-2";"medical";"88";"";"0";"resolved";"The product description explicitly and directly states this fabric is most requested for elastic medical wear scrubs and pants, making medical the clear dominant end use.";"";"/ariteks/fabrics/argiyim-l/data/fabric-complete-record.json"
"arsport-wp-flame-pro";"ArSport Wp/Flame Pro";"ArSport";"arsport2";"firefighting";"96";"";"0";"resolved";"The product is explicitly described as a humidity barrier fabric for firefighter suits, intended for the inner layer of firefighting clothing, with relevant FR and waterproof certification supporting this direct application.";"";"/ariteks/fabrics/arsport-wp-flame-pro/data/fabric-complete-record.json"
"arwowear-t5-soft-el";"ArWoWear T5 Soft El";"ArWoWear";"arwowear-t0-soft";"workwear-industrial";"80";"";"0";"resolved";"The fabric is explicitly described as a coverall/workwear twill fabric with no narrower sector (military, medical, energy, etc.) stated, so it fits the general workwear-industrial category.";"";"/ariteks/fabrics/arwowear-t5-soft-el/data/fabric-complete-record.json"
"ariripstop";"AriRipstop";"AriRipstop";"argiyim-2";"outdoor-functional";"80";"";"0";"resolved-review";"The product is explicitly described as being used mostly for outdoor wear as pants, with the fabric category and family descriptor both centered on outdoor apparel use, making outdoor-functional the clearest primary application.";"";"/ariteks/fabrics/ariripstop/data/fabric-complete-record.json"
"ariripstop-el";"AriRipstop El";"AriRipstop";"argiyim-2";"outdoor-functional";"85";"";"0";"resolved-review";"The fabric is explicitly described as an outdoor wear fabric used for pants and stretchable raincoats, matching the outdoor and functional apparel category directly.";"";"/ariteks/fabrics/ariripstop-el/data/fabric-complete-record.json"
"ardura-1000";"ArDura 1000";"ArDura";"ardura-2";"military";"95";"";"0";"resolved";"Product is explicitly and repeatedly described as intended for military equipment and bags, making military the clear primary application.";"";"/ariteks/fabrics/ardura-1000/data/fabric-complete-record.json"
"ardura-500";"ArDura 500";"ArDura";"ardura";"military";"95";"";"0";"resolved";"Multiple explicit statements confirm military wear and equipment as the primary intended use, matching taxonomy criteria directly.";"";"/ariteks/fabrics/ardura-500/data/fabric-complete-record.json"
"ardura-500-c-rb";"ArDura 500 C Rb";"ArDura";"ardura-2";"military";"93";"motorcycle";"80";"resolved";"The product is explicitly described as intended for military, police and gendarme uniforms, making military/uniformed-services the dominant and most direct stated use.";"An explicit secondary use for police motorcyclist wear is independently stated in the description and technical parameters, distinct from the general military/police uniform use.";"/ariteks/fabrics/ardura-500-c-rb/data/fabric-complete-record.json"
"ardura-500-c";"ArDura 500 C";"ArDura";"ardura-2";"military";"90";"motorcycle";"85";"resolved";"Explicitly stated as intended for military, police and gendarme uniformed service wear, which is the dominant and most direct commercial use.";"Independently stated motorcyclist/police-motobiker application with dedicated application images, supporting a secondary use distinct from general military/police wear.";"/ariteks/fabrics/ardura-500-c/data/fabric-complete-record.json"
"ardura-500-c-neo";"ArDura 500 C Neo";"ArDura";"ardura-2";"military";"85";"hivis";"80";"resolved";"Product is explicitly framed for military, police and gendarme uniform use, making this the dominant and most direct commercial application.";"The fabric is explicitly certified as high-visibility per EN ISO 20471, an independently supported secondary use for warning garments.";"/ariteks/fabrics/ardura-500-c-neo/data/fabric-complete-record.json"
"ardura-500-kirik-dimi";"ArDura 500 Kirik Dimi";"ArDura";"ardura-2";"military";"95";"motorcycle";"80";"resolved";"The fabric is explicitly designed and marketed for military, police and gendarme uniform wear, making this the dominant, most direct application.";"The product explicitly states suitability for police motorbike riders, an independently stated end use distinct from general military/police uniform wear.";"/ariteks/fabrics/ardura-500-kirik-dimi/data/fabric-complete-record.json"
"ardura-1000-c";"ArDura 1000 C";"ArDura";"ardura-2";"military";"93";"";"0";"resolved";"Explicit and repeated statements identify military equipment as the direct, central intended use of this PA6.6 fabric.";"";"/ariteks/fabrics/ardura-1000-c/data/fabric-complete-record.json"
"ardura-500-fr";"ArDura 500 Fr";"ArDura";"ardura-2";"military";"85";"motorcycle";"75";"resolved";"The fabric is explicitly described as intended for military, police and gendarme uniformed-service wear, matching the category source group for uniformed services.";"An independent, explicit statement names motorcycle police (motobiker) wear as a specific application, supporting motorcycle as a valid secondary use.";"/ariteks/fabrics/ardura-500-fr/data/fabric-complete-record.json"
"ardura-1000-c-rb";"ArDura 1000 C Rb";"ArDura";"ardura-2";"military";"92";"";"0";"resolved";"The product data explicitly and repeatedly states military equipment as the intended application, making it the clearest and most direct end use.";"";"/ariteks/fabrics/ardura-1000-c-rb/data/fabric-complete-record.json"
"ardura-1000-fr";"ArDura 1000 Fr";"ArDura";"ardura-2";"military";"93";"motorcycle";"85";"resolved";"The product is explicitly and repeatedly described as intended for military, police and gendarme wear, which is the dominant and most direct stated end use.";"The technical parameters explicitly list 'Police Motobikers' as an application and the description states suitability for mobile motorcyclist police wear, an independently supported secondary use.";"/ariteks/fabrics/ardura-1000-fr/data/fabric-complete-record.json"
"argiyim-dura";"ArGiyim Dura";"ArGiyim";"argiyim-yp";"military";"90";"motorcycle";"80";"resolved";"Explicitly described for military, police and gendarme wear, making military/uniformed services the clearest dominant application.";"Explicit statement of use for police motorbike riders independently supports motorcycle apparel as a secondary application.";"/ariteks/fabrics/argiyim-dura/data/fabric-complete-record.json"
"ardura-1000-kirik-dimi";"ArDura 1000 Kirik Dimi";"ArDura";"ardura-2";"military";"93";"";"0";"resolved";"The product is repeatedly and explicitly described as intended for military equipment, with dedicated 'Application' field confirming this as the dominant, direct commercial use.";"";"/ariteks/fabrics/ardura-1000-kirik-dimi/data/fabric-complete-record.json"
"argiyim-denim-kursun";"ArGiyim Denim Kursun";"ArGiyim";"argiyim-knit";"motorcycle";"96";"";"0";"resolved";"The product explicitly states 'Motorcyclist Cloth' as its application and is certified to EN 17092, the motorcyclist protective clothing standard, making motorcycle apparel the clear, direct commercial use.";"";"/ariteks/fabrics/argiyim-denim-kursun/data/fabric-complete-record.json"
"argiyim-knit-knife-pro";"ArGiyim Knit Knife Pro";"ArGiyim";"argiyim-knit";"motorcycle";"90";"";"0";"resolved-review";"The fabric is explicitly stated to be used as a lining for motorcyclist apparel, making motorcycle the clearest and most direct end use.";"";"/ariteks/fabrics/argiyim-knit-knife-pro/data/fabric-complete-record.json"
"ardura-500-cg";"ArDura 500 CG";"ArDura";"ardura-2";"military";"97";"";"0";"resolved";"Explicitly stated as fabric for bomb disposal suits, military and police wear, directly matching the military/uniformed services application.";"";"/ariteks/fabrics/ardura-500-cg/data/fabric-complete-record.json"
"ardigiprint";"ArDigiPrint";"ArDigiPrint";"ardigiprint";"print-signage";"92";"";"0";"resolved";"The fabric is explicitly and solely intended for digital/sublimation printing, matching the print-signage application which covers digital-print fabrics.";"";"/ariteks/fabrics/ardigiprint/data/fabric-complete-record.json"
"arflexmembrane";"ArFlexMembrane";"ArFlexMembrane";"arflexmembrane";"architecture-building";"95";"";"0";"resolved";"Explicitly described as an architectural tension membrane for outdoor roof systems and non-permanent structures, directly matching architecture-building.";"";"/ariteks/fabrics/arflexmembrane/data/fabric-complete-record.json"
"argiyim-denim-kursun-ck";"ArGiyim Denim Kursun CK";"ArGiyim";"argiyim-knit";"workwear-industrial";"75";"";"0";"resolved-review";"The product is explicitly described as a fabric for sandblasting suits, a general industrial protective apparel use with no narrower named sector (like welding or firefighting) dominating, fitting workwear-industrial as the clearest direct application.";"";"/ariteks/fabrics/argiyim-denim-kursun-ck/data/fabric-complete-record.json"
"arcadir-520";"ArCadır 520";"ArCad";"arcadir";"military";"95";"";"0";"resolved-review";"The fabric is explicitly and repeatedly described as a military tent fabric, with dedicated application field and image labels confirming military tent use as the dominant end use.";"";"/ariteks/fabrics/arcadir-520/data/fabric-complete-record.json"
"ardolu";"ArDolu";"ArDolu";"ardoku-ardolu";"hivis";"92";"";"0";"resolved-review";"The fabric is explicitly certified to EN ISO 20471 and rated 'High Visible', with application images showing high-visibility rain jackets, making certified warning apparel the clear dominant end use.";"";"/ariteks/fabrics/ardolu/data/fabric-complete-record.json"
"ardoku";"ArDoku";"ArDoku";"ardoku-ardolu";"hivis";"90";"";"0";"resolved-review";"Explicit EN ISO 20471 certification and hi-vis property make certified high-visibility apparel the clearest and most direct end use.";"";"/ariteks/fabrics/ardoku/data/fabric-complete-record.json"
"aribez";"Ari Bez";"Ari";"aripam";"footwear-components";"90";"";"0";"resolved-review";"The product is explicitly and repeatedly described as a shoe lining fabric, with the technical parameters and category source group directly confirming footwear use as the dominant application.";"";"/ariteks/fabrics/aribez/data/fabric-complete-record.json"
"arinter";"ArInter";"ArInter";"arinter";"architecture-building";"95";"";"0";"resolved";"Explicitly marketed as a tension fabric structure for interior/architectural decoration, used in building projects like an airport and shopping center, matching architecture-building's tensile structure and interior textile system criteria.";"";"/ariteks/fabrics/arinter/data/fabric-complete-record.json"
"arastar";"ArAstar";"ArAstar";"arastar-arsotina";"footwear-components";"55";"";"0";"resolved-review";"The product is explicitly described as usable for shoe lining, which is the only concrete named application; other uses (general garment lining) are not tied to a specific sector in the taxonomy.";"";"/ariteks/fabrics/arastar/data/fabric-complete-record.json"
"aripike";"Ari Pike";"Ari";"aripam";"footwear-components";"85";"";"0";"resolved";"The product is explicitly described and specified as a lining fabric for shoes, matching the footwear-components category directly.";"";"/ariteks/fabrics/aripike/data/fabric-complete-record.json"
"aripenye";"Ari Penye";"Ari";"aripam";"footwear-components";"85";"";"0";"resolved";"The product is explicitly and repeatedly described as a shoe lining fabric, with the category itself named for shoe lining and a technical parameter stating 'Application | Lining for shoes'. This is the clearest, most direct commercial use.";"";"/ariteks/fabrics/aripenye/data/fabric-complete-record.json"
"arclean-250";"ArClean 250";"ArClean";"arclean";"professional-cleaning";"97";"";"0";"resolved";"The product is explicitly and consistently described as a microfiber cleaning cloth fabric intended for industrial cleaning applications, matching professional-cleaning directly.";"";"/ariteks/fabrics/arclean-250/data/fabric-complete-record.json"
"ar-air-mesh-aa-150";"ArAir Mesh AA 150";"ArAir";"arairmesh";"footwear-components";"72";"";"0";"resolved-review";"The fabric is explicitly stated as suitable for shoes (sport and military), and the technical application field lists 'Shoes' directly, making footwear the most specific and directly named end use among the multiple applications listed.";"";"/ariteks/fabrics/ar-air-mesh-aa-150/data/fabric-complete-record.json"
"argun-260";"ArGun 260";"ArGun";"argun";"transport";"55";"";"0";"resolved-review";"The fabric is explicitly described and image-labelled for marine and automotive applications, which directly matches the transport application definition (vehicle/vessel textiles).";"";"/ariteks/fabrics/argun-260/data/fabric-complete-record.json"
"arigabardin-77";"Ari Gabardin 7/7";"Ari";"aripam";"footwear-components";"80";"";"0";"resolved-review";"The product is explicitly categorized and specified as a shoe lining fabric, making footwear the clearest and most direct commercial end use per the category source group and technical parameters.";"";"/ariteks/fabrics/arigabardin-77/data/fabric-complete-record.json"
"arpo";"ArPo";"ArPo";"arpo";"outdoor-functional";"72";"";"0";"resolved-review";"The product is explicitly described as used for winter jackets, functioning as insulation or lining—clearly an outdoor/functional apparel use rather than a specific technical sector.It matches outdoor-functional's inclusion of jackets and weather-protective garments.";"";"/ariteks/fabrics/arpo/data/fabric-complete-record.json"
"arbayrak";"ArBayrak";"ArBayrak";"arbayrak";"print-signage";"75";"";"0";"resolved-review";"The fabric is explicitly a flag/signal fabric used to make a warning tripod object, matching the signage/warning-object category rather than a certified garment or vehicle upholstery use.";"";"/ariteks/fabrics/arbayrak/data/fabric-complete-record.json"
"arseat";"ArSeat";"ArSeat";"arseat";"transport";"85";"";"0";"resolved-review";"Explicit statement of car upholstery use directly supports transport as the primary application, and the category source group (upholstery knits for seats and footwear) reinforces automotive seating as a dominant use.";"";"/ariteks/fabrics/arseat/data/fabric-complete-record.json"
"arigabardin-245";"Ari Gabardin 245";"Ari";"aripam";"footwear-components";"78";"";"0";"resolved-review";"The product is explicitly categorized and described as a shoe lining fabric, with a direct 'Application: Lining for Shoes' technical parameter, making footwear-components the clearest and most specific dominant use.";"";"/ariteks/fabrics/arigabardin-245/data/fabric-complete-record.json"
"arsotina";"ArSotina";"ArSotina";"arastar-arsotina";"footwear-components";"55";"";"0";"resolved-review";"The product is explicitly described as usable for shoe lining, a direct footwear component use, though it is also a general garment lining fabric.";"";"/ariteks/fabrics/arsotina/data/fabric-complete-record.json"
"ardilight";"ArDiLight";"ArDiLight";"ardilight";"architecture-building";"98";"";"0";"resolved";"Product is explicitly and repeatedly described as a stretch-ceiling fabric/system intended for building interiors, matching the architecture-building application directly per rule 16.";"";"/ariteks/fabrics/ardilight/data/fabric-complete-record.json"
"ar-air-mesh-bb";"ArAir Mesh BB";"ArAir";"arairmesh";"footwear-components";"55";"";"0";"resolved-review";"The fabric is explicitly listed as suitable for shoes among its stated applications, and the family descriptor itself positions this as a spacer mesh 'for seating and footwear'. Footwear is a direct, named use and per taxonomy rule 13 footwear fabrics default to footwear-components unless another sector clearly dominates, which is not the case here given the many parallel, equally-weighted uses (upholstery, bag, medical, military, sport).";"";"/ariteks/fabrics/ar-air-mesh-bb/data/fabric-complete-record.json"
"arseat-eco";"ArSeat Eco";"ArSeat";"arseat";"transport";"88";"footwear-components";"70";"resolved";"Explicit statement of car upholstery use makes transport the dominant, most direct commercial application, aligned with category grouping for upholstery knits.";"Explicit shoe use is independently stated alongside car upholstery, supporting a genuine secondary footwear application.";"/ariteks/fabrics/arseat-eco/data/fabric-complete-record.json"
"ar-air-mesh-aa-250";"ArAir Mesh AA 250";"ArAir";"arairmesh";"footwear-components";"78";"";"0";"resolved-review";"The fabric is explicitly marketed and imaged as a 3D air mesh for shoes, with footwear listed as a core application alongside upholstery and bags, making footwear the most specific and directly evidenced use.";"";"/ariteks/fabrics/ar-air-mesh-aa-250/data/fabric-complete-record.json"
"arseat-touch";"ArSeat Touch";"ArSeat";"arseat";"upholstery-interiors";"62";"";"0";"resolved-review";"The product is explicitly described as an upholstery knit fabric with 'Application: Upholstery' stated directly. No vehicle, rail, marine or aircraft context is given, so it defaults to general upholstery/interiors rather than transport.";"";"/ariteks/fabrics/arseat-touch/data/fabric-complete-record.json"
"ar-air-mesh-bond";"ArAir Mesh Bond";"ArAir";"arairmesh";"upholstery-interiors";"60";"";"0";"resolved-review";"The fabric's most elaborated stated use is as an upholstery mesh for office furniture seating, aligning with non-vehicle interior furnishing use.";"";"/ariteks/fabrics/ar-air-mesh-bond/data/fabric-complete-record.json"
